-- phpMyAdmin SQL Dump
-- version 5.0.3
-- https://www.phpmyadmin.net/
--
-- Host: 127.0.0.1
-- Generation Time: Jan 31, 2023 at 10:23 AM
-- Server version: 10.4.14-MariaDB
-- PHP Version: 7.4.11

SET SQL_MODE = "NO_AUTO_VALUE_ON_ZERO";
START TRANSACTION;
SET time_zone = "+00:00";


/*!40101 SET @OLD_CHARACTER_SET_CLIENT=@@CHARACTER_SET_CLIENT */;
/*!40101 SET @OLD_CHARACTER_SET_RESULTS=@@CHARACTER_SET_RESULTS */;
/*!40101 SET @OLD_COLLATION_CONNECTION=@@COLLATION_CONNECTION */;
/*!40101 SET NAMES utf8mb4 */;

--
-- Database: `ecommers_api`
--

-- --------------------------------------------------------

--
-- Table structure for table `failed_jobs`
--

CREATE TABLE `failed_jobs` (
  `id` bigint(20) UNSIGNED NOT NULL,
  `uuid` varchar(255) COLLATE utf8mb4_unicode_ci NOT NULL,
  `connection` text COLLATE utf8mb4_unicode_ci NOT NULL,
  `queue` text COLLATE utf8mb4_unicode_ci NOT NULL,
  `payload` longtext COLLATE utf8mb4_unicode_ci NOT NULL,
  `exception` longtext COLLATE utf8mb4_unicode_ci NOT NULL,
  `failed_at` timestamp NOT NULL DEFAULT current_timestamp()
) ENGINE=InnoDB DEFAULT CHARSET=utf8mb4 COLLATE=utf8mb4_unicode_ci;

-- --------------------------------------------------------

--
-- Table structure for table `migrations`
--

CREATE TABLE `migrations` (
  `id` int(10) UNSIGNED NOT NULL,
  `migration` varchar(255) COLLATE utf8mb4_unicode_ci NOT NULL,
  `batch` int(11) NOT NULL
) ENGINE=InnoDB DEFAULT CHARSET=utf8mb4 COLLATE=utf8mb4_unicode_ci;

--
-- Dumping data for table `migrations`
--

INSERT INTO `migrations` (`id`, `migration`, `batch`) VALUES
(1, '2014_10_12_000000_create_users_table', 1),
(2, '2014_10_12_100000_create_password_resets_table', 1),
(3, '2019_08_19_000000_create_failed_jobs_table', 1),
(4, '2019_12_14_000001_create_personal_access_tokens_table', 1),
(5, '2023_01_31_075422_create_products_table', 1),
(6, '2023_01_31_075459_create_reviews_table', 1);

-- --------------------------------------------------------

--
-- Table structure for table `password_resets`
--

CREATE TABLE `password_resets` (
  `email` varchar(255) COLLATE utf8mb4_unicode_ci NOT NULL,
  `token` varchar(255) COLLATE utf8mb4_unicode_ci NOT NULL,
  `created_at` timestamp NULL DEFAULT NULL
) ENGINE=InnoDB DEFAULT CHARSET=utf8mb4 COLLATE=utf8mb4_unicode_ci;

-- --------------------------------------------------------

--
-- Table structure for table `personal_access_tokens`
--

CREATE TABLE `personal_access_tokens` (
  `id` bigint(20) UNSIGNED NOT NULL,
  `tokenable_type` varchar(255) COLLATE utf8mb4_unicode_ci NOT NULL,
  `tokenable_id` bigint(20) UNSIGNED NOT NULL,
  `name` varchar(255) COLLATE utf8mb4_unicode_ci NOT NULL,
  `token` varchar(64) COLLATE utf8mb4_unicode_ci NOT NULL,
  `abilities` text COLLATE utf8mb4_unicode_ci DEFAULT NULL,
  `last_used_at` timestamp NULL DEFAULT NULL,
  `created_at` timestamp NULL DEFAULT NULL,
  `updated_at` timestamp NULL DEFAULT NULL
) ENGINE=InnoDB DEFAULT CHARSET=utf8mb4 COLLATE=utf8mb4_unicode_ci;

-- --------------------------------------------------------

--
-- Table structure for table `products`
--

CREATE TABLE `products` (
  `id` int(10) UNSIGNED NOT NULL,
  `name` varchar(255) COLLATE utf8mb4_unicode_ci NOT NULL,
  `detail` text COLLATE utf8mb4_unicode_ci NOT NULL,
  `price` int(11) NOT NULL,
  `stock` int(11) NOT NULL,
  `discount` int(11) NOT NULL,
  `created_at` timestamp NULL DEFAULT NULL,
  `updated_at` timestamp NULL DEFAULT NULL
) ENGINE=InnoDB DEFAULT CHARSET=utf8mb4 COLLATE=utf8mb4_unicode_ci;

--
-- Dumping data for table `products`
--

INSERT INTO `products` (`id`, `name`, `detail`, `price`, `stock`, `discount`, `created_at`, `updated_at`) VALUES
(1, 'velit', 'Enim illo sunt quia non in omnis. Dicta temporibus vitae quod error necessitatibus et laborum. Consequatur qui quisquam ex quia corrupti. Fuga et et fugit ea rem ut. Ipsam error nam consequatur dignissimos laborum.', 1000, 8, 13, '2023-01-31 03:18:47', '2023-01-31 03:18:47'),
(2, 'quidem', 'Quos culpa at doloremque enim. Recusandae architecto repellat enim labore voluptas iste. Optio eum adipisci ducimus omnis est voluptatum labore. Quaerat aut dignissimos voluptates quo quo. Magnam ut sit aliquid.', 120, 7, 27, '2023-01-31 03:18:47', '2023-01-31 03:18:47'),
(3, 'nobis', 'Iure similique amet ipsum quia quod quidem. Nulla nemo laboriosam voluptatem qui sapiente. Sed quia voluptatem et ad laboriosam dolor qui.', 697, 9, 18, '2023-01-31 03:18:47', '2023-01-31 03:18:47'),
(4, 'necessitatibus', 'Veritatis iste voluptate rem nisi laudantium maiores. Quis fugiat expedita ut qui. Voluptatem sint et nulla ipsam. Ut aspernatur quia et eos aut eaque. Omnis maxime et culpa consequatur architecto aut omnis tempora.', 206, 9, 15, '2023-01-31 03:18:47', '2023-01-31 03:18:47'),
(5, 'ut', 'Doloribus et esse rerum veniam id animi. Voluptates provident repellendus culpa aut. Architecto dolorum dolorem vitae et qui. Magnam nostrum suscipit beatae ut perspiciatis sunt. Rem vel laboriosam officiis porro magnam neque est.', 468, 1, 6, '2023-01-31 03:18:47', '2023-01-31 03:18:47'),
(6, 'beatae', 'Et quod ducimus eveniet voluptas omnis error. Quia dolore magni ea a ut quod. Temporibus quibusdam laboriosam dolorem dolorem.', 583, 2, 3, '2023-01-31 03:18:47', '2023-01-31 03:18:47'),
(7, 'quod', 'Voluptatibus quia voluptatem et veniam. Possimus placeat ullam ad ut. Nemo voluptatum excepturi error cum nostrum corporis.', 261, 0, 10, '2023-01-31 03:18:47', '2023-01-31 03:18:47'),
(8, 'harum', 'Quod quia qui omnis dolorem sint unde doloremque. Amet consequatur beatae ad enim. Quo iusto natus libero quas impedit error aut consequatur.', 987, 9, 24, '2023-01-31 03:18:47', '2023-01-31 03:18:47'),
(9, 'accusantium', 'Fuga cumque sapiente aut molestiae maxime repudiandae eaque. Amet eligendi consequatur quia incidunt expedita omnis. Et sed perferendis dicta doloribus dolorem.', 481, 9, 8, '2023-01-31 03:18:48', '2023-01-31 03:18:48'),
(10, 'et', 'Omnis ea earum iusto earum. Voluptas sapiente dolores eum aut magni. Et placeat nihil dignissimos doloremque blanditiis dignissimos quisquam. Praesentium laborum voluptatum facere dolorem nulla commodi.', 888, 3, 25, '2023-01-31 03:18:48', '2023-01-31 03:18:48'),
(11, 'nam', 'Sequi quia mollitia consequatur ea modi et. Tenetur quae molestiae in similique. Voluptas voluptatum autem modi dolor in velit. Veniam similique ullam saepe molestiae necessitatibus quis quidem.', 435, 7, 2, '2023-01-31 03:18:48', '2023-01-31 03:18:48'),
(12, 'amet', 'Deserunt consequatur unde quia quod illum ex rem iure. Quo voluptates vitae quibusdam non et et. Totam praesentium saepe et ad maiores ad et. Dolore excepturi dicta fugiat eum aliquam.', 639, 8, 13, '2023-01-31 03:18:48', '2023-01-31 03:18:48'),
(13, 'eos', 'Aut est voluptatem praesentium dolorum aperiam voluptatem recusandae. Quam quo aut et quia voluptatem. Recusandae et eos id.', 382, 9, 28, '2023-01-31 03:18:48', '2023-01-31 03:18:48'),
(14, 'nesciunt', 'Qui ut sapiente exercitationem nulla fugit asperiores placeat. Delectus voluptatem omnis quia assumenda sit voluptatem ea tempore. Nihil qui qui fugit occaecati ut.', 375, 5, 27, '2023-01-31 03:18:48', '2023-01-31 03:18:48'),
(15, 'expedita', 'Enim autem consectetur vel rerum corporis qui assumenda occaecati. Eveniet natus dolorem et vel. Eos aut excepturi qui quia doloremque. Quaerat dolorum dolorum et illo.', 334, 2, 28, '2023-01-31 03:18:48', '2023-01-31 03:18:48'),
(16, 'dolorum', 'Qui reprehenderit quam quisquam architecto ipsam quia iusto. Ut error atque ratione adipisci necessitatibus ea. Omnis vel rerum sit non consequuntur aut placeat. Ut molestiae eos et reprehenderit.', 154, 9, 10, '2023-01-31 03:18:48', '2023-01-31 03:18:48'),
(17, 'ut', 'Sequi omnis et qui sequi qui qui assumenda. Dolorem id quia adipisci qui. Et quis voluptas blanditiis nemo distinctio. Voluptatum ipsum iusto non eos cumque.', 893, 7, 22, '2023-01-31 03:18:48', '2023-01-31 03:18:48'),
(18, 'est', 'Consequatur sed qui voluptates officia iste. Sed sunt corporis amet voluptas nostrum voluptatem doloremque dolores. Nesciunt voluptatem aliquid error ut est est.', 923, 3, 5, '2023-01-31 03:18:48', '2023-01-31 03:18:48'),
(19, 'sit', 'Accusantium ab officia exercitationem expedita sint rerum error. Maxime aut voluptatibus animi. Vel mollitia similique ipsam et. Quod itaque assumenda perspiciatis qui repudiandae tenetur quod.', 456, 4, 29, '2023-01-31 03:18:48', '2023-01-31 03:18:48'),
(20, 'at', 'Omnis quis rem enim ipsum. Qui ad tempora sequi et porro. Voluptas a eius reprehenderit voluptatem placeat omnis quis. Voluptas et deserunt qui est dolorem.', 945, 6, 18, '2023-01-31 03:18:48', '2023-01-31 03:18:48'),
(21, 'consequatur', 'Iste autem quisquam doloremque laudantium. Velit esse qui deleniti est in. Sit at in nesciunt dicta. Sapiente delectus non debitis corrupti quisquam. Numquam saepe sit culpa alias id ut.', 223, 1, 30, '2023-01-31 03:18:48', '2023-01-31 03:18:48'),
(22, 'est', 'Ad nihil harum molestias voluptates. Sed animi nesciunt eos enim sunt nisi eius. Earum porro sunt ea at optio laudantium.', 967, 6, 24, '2023-01-31 03:18:48', '2023-01-31 03:18:48'),
(23, 'temporibus', 'Dolorum minus quidem est quia. Similique eos perspiciatis et maiores quis magnam ut. Aperiam perspiciatis excepturi enim quisquam molestiae laboriosam amet.', 260, 5, 26, '2023-01-31 03:18:49', '2023-01-31 03:18:49'),
(24, 'temporibus', 'Minima exercitationem minima culpa minima quo molestias nostrum ea. Ut expedita doloremque amet. Sed qui optio consequatur deleniti voluptas. Non voluptas animi sed minima assumenda eum rerum.', 134, 7, 13, '2023-01-31 03:18:49', '2023-01-31 03:18:49'),
(25, 'voluptatem', 'Molestiae accusantium ut maxime qui eaque facere expedita. Ut dolores sapiente nulla autem.', 952, 8, 9, '2023-01-31 03:18:49', '2023-01-31 03:18:49'),
(26, 'doloribus', 'Quia blanditiis magni doloribus et corrupti. Natus laborum ducimus laudantium asperiores nobis. Blanditiis ut reiciendis et atque ut quo necessitatibus.', 279, 8, 24, '2023-01-31 03:18:49', '2023-01-31 03:18:49'),
(27, 'ut', 'Et ratione tenetur est amet praesentium dolor et. Perspiciatis perferendis culpa odio aut consequatur ut et. Non tempore commodi aspernatur magnam accusantium.', 944, 3, 26, '2023-01-31 03:18:49', '2023-01-31 03:18:49'),
(28, 'aperiam', 'Voluptatem molestiae nesciunt in dolorem odio expedita vel. Rerum sed tenetur quia facilis. Consequuntur accusamus voluptatum quas provident commodi accusamus. Omnis enim consequatur velit explicabo quia et voluptatibus.', 892, 5, 12, '2023-01-31 03:18:49', '2023-01-31 03:18:49'),
(29, 'consequatur', 'Velit placeat aut saepe. Fugiat voluptate fuga cum molestias. Quaerat vel earum qui repellendus voluptate. Ad eos quisquam placeat pariatur voluptate ipsum error.', 943, 2, 5, '2023-01-31 03:18:49', '2023-01-31 03:18:49'),
(30, 'excepturi', 'Sequi pariatur recusandae harum quae explicabo debitis sit modi. Quo aliquid voluptatum nihil quia qui eos. Voluptatum officiis veniam sit animi ut sit quam. Eos voluptate sint mollitia sit voluptas et libero.', 620, 3, 18, '2023-01-31 03:18:49', '2023-01-31 03:18:49'),
(31, 'tenetur', 'Voluptatem aut quidem tempore consequatur aperiam. Necessitatibus atque rem voluptas facere. Voluptatibus ad at animi non qui. Aliquid sed eum et asperiores minus cupiditate perferendis. Ab omnis fugiat praesentium repellat incidunt exercitationem voluptatum ad.', 203, 8, 22, '2023-01-31 03:18:49', '2023-01-31 03:18:49'),
(32, 'illum', 'Ipsam ratione aut eum dolores sit. Qui optio reprehenderit nobis et amet hic. Consequatur consequatur dolorem et dolorem rerum ratione autem in. Qui aut reprehenderit quidem commodi.', 359, 7, 9, '2023-01-31 03:18:49', '2023-01-31 03:18:49'),
(33, 'porro', 'Ratione quos dolorem ipsum non iste. Sapiente similique praesentium dolorum praesentium. Est id esse vero vitae. Deleniti sed voluptates quae maxime ut. Doloribus alias id natus at nisi.', 532, 7, 7, '2023-01-31 03:18:49', '2023-01-31 03:18:49'),
(34, 'ex', 'Natus culpa quis ipsum laudantium aliquam id. Repellendus inventore libero accusamus placeat deserunt iure quibusdam.', 685, 9, 29, '2023-01-31 03:18:49', '2023-01-31 03:18:49'),
(35, 'tempora', 'Corrupti et voluptas dicta nihil. Ipsa alias architecto magnam veritatis debitis. Vitae ut unde at placeat alias.', 219, 1, 5, '2023-01-31 03:18:49', '2023-01-31 03:18:49'),
(36, 'dolor', 'Quasi nisi porro inventore neque quaerat neque quos sit. Esse voluptas inventore tenetur odit at libero aut. Ullam distinctio eum corrupti explicabo et.', 416, 8, 7, '2023-01-31 03:18:49', '2023-01-31 03:18:49'),
(37, 'soluta', 'Ipsam fugiat non vitae consequuntur excepturi. Quibusdam similique ad reiciendis occaecati qui et omnis nobis. Necessitatibus tenetur iste ratione commodi ratione.', 147, 2, 26, '2023-01-31 03:18:50', '2023-01-31 03:18:50'),
(38, 'laudantium', 'Voluptates itaque soluta architecto sed commodi dolores at voluptas. Est eum vel eum magnam.', 271, 9, 14, '2023-01-31 03:18:50', '2023-01-31 03:18:50'),
(39, 'nulla', 'Deserunt illo aut perspiciatis dolorem vitae quidem ad. Quibusdam quo pariatur repudiandae omnis harum quia aspernatur quis. Soluta et architecto ea sapiente repudiandae iure error. Totam sed illo quaerat magnam.', 440, 0, 13, '2023-01-31 03:18:50', '2023-01-31 03:18:50'),
(40, 'ut', 'Voluptate officiis dolor in. Quasi voluptatem impedit sit nam eligendi. Sint sequi sint et quisquam est possimus aliquam. Minima dolorem et et est sed.', 870, 9, 12, '2023-01-31 03:18:50', '2023-01-31 03:18:50'),
(41, 'magni', 'Quidem dolores quos quas ullam et non ab. Quasi eius consequatur dolor quo quisquam magni consequuntur. Illum iusto blanditiis alias dolores. Optio omnis ducimus itaque eum sunt.', 206, 3, 8, '2023-01-31 03:18:50', '2023-01-31 03:18:50'),
(42, 'nam', 'Vel quam voluptatum velit. Et ratione ipsam sit.', 916, 8, 23, '2023-01-31 03:18:50', '2023-01-31 03:18:50'),
(43, 'debitis', 'Eius ut sint reprehenderit sint quae et cupiditate quia. Repellendus consequatur et est soluta. Optio atque in accusantium dolorem consequatur ut dolores. Illo dolorem modi laborum deserunt.', 204, 2, 20, '2023-01-31 03:18:50', '2023-01-31 03:18:50'),
(44, 'sit', 'Similique id numquam error sequi soluta et. Magnam dolor molestiae ipsam est neque corrupti. Est pariatur aut ut dolorum repellendus. Quia necessitatibus possimus facilis delectus quas.', 438, 9, 22, '2023-01-31 03:18:50', '2023-01-31 03:18:50'),
(45, 'numquam', 'Nulla tenetur atque dolores sint amet. Quas labore nihil voluptas voluptates ut sunt consequatur. Officia dolorem explicabo enim beatae omnis optio. Nulla provident nihil magnam ea omnis.', 262, 3, 3, '2023-01-31 03:18:50', '2023-01-31 03:18:50'),
(46, 'eligendi', 'Laborum doloribus rerum voluptatum et. Velit illo eveniet dolore officiis. Qui temporibus excepturi magnam facilis aut minima praesentium qui.', 694, 5, 21, '2023-01-31 03:18:50', '2023-01-31 03:18:50'),
(47, 'sed', 'Eveniet perferendis commodi assumenda aspernatur mollitia culpa quae et. Nesciunt eum sed sapiente voluptas perferendis praesentium harum. Cum dolor qui quas consequuntur qui aut suscipit.', 893, 0, 15, '2023-01-31 03:18:50', '2023-01-31 03:18:50'),
(48, 'fugiat', 'Eveniet dignissimos aut modi rerum voluptas dolorum minima. Illo accusantium unde cumque aliquid similique. Commodi optio nam vitae ut earum ducimus excepturi labore. Hic vel quis qui aut modi voluptatem. Suscipit quasi nesciunt incidunt commodi.', 386, 8, 27, '2023-01-31 03:18:50', '2023-01-31 03:18:50'),
(49, 'repellat', 'Occaecati similique molestiae et earum. Repudiandae maxime et sunt laudantium quis delectus. Similique culpa quas voluptatem. Libero a aut dolorem quaerat asperiores repellat nulla.', 324, 9, 22, '2023-01-31 03:18:50', '2023-01-31 03:18:50'),
(50, 'temporibus', 'Libero ex aliquid incidunt est dolor et nobis. Iusto est ut eos laborum placeat. Eligendi ut itaque dolorem fuga est sed. Quaerat sint velit beatae modi voluptatem cupiditate quis. At impedit sit et quod ut cupiditate.', 565, 7, 14, '2023-01-31 03:18:50', '2023-01-31 03:18:50');

-- --------------------------------------------------------

--
-- Table structure for table `reviews`
--

CREATE TABLE `reviews` (
  `id` int(10) UNSIGNED NOT NULL,
  `product_id` int(10) UNSIGNED NOT NULL,
  `customer` varchar(255) COLLATE utf8mb4_unicode_ci NOT NULL,
  `review` text COLLATE utf8mb4_unicode_ci NOT NULL,
  `star` int(11) NOT NULL,
  `created_at` timestamp NULL DEFAULT NULL,
  `updated_at` timestamp NULL DEFAULT NULL
) ENGINE=InnoDB DEFAULT CHARSET=utf8mb4 COLLATE=utf8mb4_unicode_ci;

--
-- Dumping data for table `reviews`
--

INSERT INTO `reviews` (`id`, `product_id`, `customer`, `review`, `star`, `created_at`, `updated_at`) VALUES
(1, 37, 'Dr. Emmanuel Hodkiewicz Jr.', 'Culpa eveniet deserunt iusto laudantium. Qui debitis dignissimos est error labore aut rerum. Tempore magnam ipsam consequuntur quas maiores aliquam ullam. Numquam non deleniti et ratione sunt molestiae sint.', 3, '2023-01-31 03:18:51', '2023-01-31 03:18:51'),
(2, 29, 'Prof. Katlynn Sawayn', 'Non ipsum ipsum nemo dolorum porro. Labore animi iusto occaecati et voluptatem ratione. Et quibusdam accusantium officiis commodi molestiae et deleniti voluptatibus.', 5, '2023-01-31 03:18:51', '2023-01-31 03:18:51'),
(3, 37, 'Aubrey Smith', 'Voluptas soluta reiciendis aspernatur atque. Deserunt quo vitae eaque officiis earum quo. Neque inventore sunt error incidunt fuga est explicabo. Sit voluptas sed in totam reprehenderit.', 2, '2023-01-31 03:18:51', '2023-01-31 03:18:51'),
(4, 12, 'River Littel', 'Id commodi eveniet corrupti sit. Vero magnam itaque magni.', 3, '2023-01-31 03:18:51', '2023-01-31 03:18:51'),
(5, 15, 'Nikita Hackett', 'Et inventore voluptates dolorem praesentium voluptatem id. Ipsum ipsum praesentium consequatur atque. Omnis aut nobis inventore esse optio eos natus. Numquam itaque distinctio dolor suscipit.', 1, '2023-01-31 03:18:51', '2023-01-31 03:18:51'),
(6, 3, 'Dr. Sierra Luettgen', 'Sed voluptatem vel qui dolorum cum omnis est et. Laboriosam aperiam dolor nihil et. Placeat non voluptatem voluptas magni. Debitis distinctio cumque autem quae sit soluta.', 4, '2023-01-31 03:18:51', '2023-01-31 03:18:51'),
(7, 32, 'Mrs. Crystal Grimes V', 'Et rerum voluptas molestiae illo voluptas assumenda a. Enim labore quidem id culpa velit neque non.', 2, '2023-01-31 03:18:51', '2023-01-31 03:18:51'),
(8, 14, 'Prof. Deangelo Erdman', 'Quasi sapiente vero necessitatibus occaecati tempore qui qui ipsum. Omnis dolores repudiandae officiis voluptatem perferendis quisquam reprehenderit. Autem accusantium dolorum ut adipisci. Enim ullam voluptas qui accusamus. Officiis est explicabo facere eum maiores.', 1, '2023-01-31 03:18:52', '2023-01-31 03:18:52'),
(9, 8, 'Kaya McLaughlin DVM', 'Voluptates ut aliquid ipsum. Ut reprehenderit libero quis officiis numquam et. Velit fuga qui doloremque placeat quae fugiat nobis.', 2, '2023-01-31 03:18:52', '2023-01-31 03:18:52'),
(10, 35, 'Rowena Jacobi', 'Molestias blanditiis qui placeat. Dolorem porro assumenda culpa nemo. In et itaque velit sunt in. Doloremque rerum perspiciatis neque quos deleniti. A dolores voluptatem totam qui omnis recusandae.', 0, '2023-01-31 03:18:52', '2023-01-31 03:18:52'),
(11, 11, 'Jerrell Harvey', 'Non consequatur incidunt et rerum ullam dicta fugiat. Voluptatum pariatur aut voluptas temporibus tenetur enim. Maiores qui totam aperiam. Esse esse nihil neque minima aliquid labore.', 4, '2023-01-31 03:18:52', '2023-01-31 03:18:52'),
(12, 48, 'Prof. Hanna Auer I', 'Molestiae fugiat aliquid optio aut quia cum atque. Eaque laudantium ut quia ratione exercitationem animi. Dolorum nam quaerat eius molestiae dolorum pariatur.', 5, '2023-01-31 03:18:52', '2023-01-31 03:18:52'),
(13, 15, 'Veda Upton', 'Repellat ea corrupti suscipit nobis aut porro. Qui tempore a corporis necessitatibus et. Ab corrupti deleniti optio facilis.', 3, '2023-01-31 03:18:52', '2023-01-31 03:18:52'),
(14, 8, 'Miss Julia Russel', 'Quis ut nemo modi quos quia nostrum. In nemo eveniet animi. Nobis non odit aut ut voluptas aut dolores.', 2, '2023-01-31 03:18:52', '2023-01-31 03:18:52'),
(15, 15, 'Prof. Saul Jenkins IV', 'Et enim a quia dolore ut in voluptas. Repudiandae facere iusto sunt dolore voluptas ipsum et. Fugiat ex voluptatem qui illo inventore. Dolor aliquam ab et sed quos rerum.', 0, '2023-01-31 03:18:52', '2023-01-31 03:18:52'),
(16, 49, 'Ms. Jessica Kuhn', 'Voluptatem vitae et et non libero iusto quo. Omnis debitis quia maiores temporibus ut consequuntur. Culpa laborum explicabo nobis et. Adipisci temporibus exercitationem et eligendi est.', 0, '2023-01-31 03:18:52', '2023-01-31 03:18:52'),
(17, 2, 'Gracie Homenick', 'Quia exercitationem quo quos recusandae sed quia iste autem. In consequatur repellat molestiae natus occaecati dolor aperiam vel. Sapiente recusandae odit inventore reprehenderit pariatur.', 4, '2023-01-31 03:18:52', '2023-01-31 03:18:52'),
(18, 39, 'Prof. Jeromy Leffler', 'Eius repellat quam consequatur harum minima veritatis laudantium molestias. Ipsum provident unde praesentium velit et nam. Et ut sit hic sequi dolore quisquam non.', 1, '2023-01-31 03:18:52', '2023-01-31 03:18:52'),
(19, 6, 'Miss Leonora Mann', 'Quasi pariatur veniam quaerat incidunt. Modi officia totam delectus nihil libero magni. Facilis ullam provident nobis atque omnis laboriosam minima voluptatibus.', 5, '2023-01-31 03:18:53', '2023-01-31 03:18:53'),
(20, 29, 'Dr. Hadley Bode', 'Nulla in dolorem voluptatem. Rerum modi quia velit est sequi a doloremque mollitia.', 4, '2023-01-31 03:18:53', '2023-01-31 03:18:53'),
(21, 5, 'Carolanne Abbott', 'Quasi deleniti cupiditate id ab dolores dolores et. Quo ex repellendus autem ut et nobis. Aliquid distinctio et incidunt et minima sint nihil. Velit animi iusto et repellendus. Molestiae nobis qui quas et praesentium dicta mollitia.', 0, '2023-01-31 03:18:53', '2023-01-31 03:18:53'),
(22, 36, 'Dr. Mable Lueilwitz Sr.', 'Est perferendis soluta odio sapiente. Voluptas nihil in molestiae qui sit accusantium totam ipsam. Voluptatem saepe officiis iste doloremque quia similique eaque.', 3, '2023-01-31 03:18:53', '2023-01-31 03:18:53'),
(23, 49, 'Dr. Alexandrine Rath', 'Dolores reprehenderit molestiae consequatur possimus. Consequuntur ut similique iure sit.', 0, '2023-01-31 03:18:53', '2023-01-31 03:18:53'),
(24, 47, 'Zena Corkery', 'Mollitia vel itaque non aut quo qui. Perferendis eaque qui architecto omnis. Magni quia voluptas aliquid dolorem. Magnam cumque sapiente suscipit voluptatem facilis modi provident.', 5, '2023-01-31 03:18:53', '2023-01-31 03:18:53'),
(25, 12, 'Napoleon Halvorson', 'Voluptas a vel aut ex consequatur quaerat sunt voluptates. Fugit cumque et omnis optio et dolorum et. Quo nam dolorem inventore esse impedit.', 1, '2023-01-31 03:18:53', '2023-01-31 03:18:53'),
(26, 3, 'Bethany Beer Jr.', 'Maxime voluptatem reprehenderit nesciunt quisquam fugiat. Quibusdam omnis architecto excepturi quo et dolorem odit consectetur. Dolore expedita aliquam deleniti aliquid.', 4, '2023-01-31 03:18:53', '2023-01-31 03:18:53'),
(27, 12, 'Virginia Weimann', 'Enim ullam sit sequi dolorem aut enim molestiae. Aspernatur facilis occaecati dolores non aut placeat. Rem laudantium molestias iusto autem.', 5, '2023-01-31 03:18:53', '2023-01-31 03:18:53'),
(28, 34, 'Ms. Modesta Schumm', 'Officiis vitae nesciunt ut ea. Ut delectus praesentium et vitae cumque. Nihil porro reprehenderit dolorem architecto id.', 1, '2023-01-31 03:18:53', '2023-01-31 03:18:53'),
(29, 2, 'Dr. Lyric Kutch', 'Praesentium non asperiores magnam quibusdam itaque. Esse aut architecto voluptatibus nulla id deserunt odio. Quis numquam commodi dolor ex architecto sint deleniti.', 4, '2023-01-31 03:18:53', '2023-01-31 03:18:53'),
(30, 48, 'Mr. Avery Krajcik', 'Et minima repudiandae velit voluptatum. Non iusto nemo dicta et eum. Et reprehenderit sit cupiditate ut.', 1, '2023-01-31 03:18:54', '2023-01-31 03:18:54'),
(31, 10, 'Priscilla Runolfsson', 'Distinctio eius qui necessitatibus. Quas iure alias reiciendis ratione quidem voluptas sed. Consectetur beatae ea suscipit enim consequatur. A porro aspernatur quas quia est dolores numquam.', 5, '2023-01-31 03:18:54', '2023-01-31 03:18:54'),
(32, 1, 'Bria Homenick', 'Ratione dignissimos et aut optio. Repellat corrupti adipisci odit corporis consequuntur modi vel.', 0, '2023-01-31 03:18:55', '2023-01-31 03:18:55'),
(33, 20, 'Dr. Misael Dicki IV', 'Praesentium dolor voluptate est. Recusandae a asperiores doloribus iusto magni delectus. Ipsum non esse aut sit tempore magni.', 1, '2023-01-31 03:18:55', '2023-01-31 03:18:55'),
(34, 5, 'Emmett Reinger', 'Incidunt et esse et. Facere est eveniet ut nam ut. Earum voluptas vel assumenda corporis iste nulla repellat qui.', 1, '2023-01-31 03:18:55', '2023-01-31 03:18:55'),
(35, 7, 'Baby Dooley', 'Corporis quae est omnis quia voluptatem et eum. Optio rem enim illo nulla soluta. Et et rerum laboriosam impedit.', 3, '2023-01-31 03:18:55', '2023-01-31 03:18:55'),
(36, 4, 'Carter Ratke', 'Illo distinctio repellendus iste fuga quae rerum qui. Est nemo commodi quisquam nihil eligendi odit minima sunt. Eum qui quo adipisci quia illum suscipit consequatur. Nobis amet illum et vel et.', 2, '2023-01-31 03:18:55', '2023-01-31 03:18:55'),
(37, 36, 'Cecelia Haag', 'Sed magnam officia vel temporibus et. Est nulla cum consectetur vel ut. Dolorem facere inventore eaque nemo omnis qui nemo ut. Nesciunt nihil quae enim recusandae voluptas sed.', 5, '2023-01-31 03:18:55', '2023-01-31 03:18:55'),
(38, 37, 'Joanne Hill', 'Non dolorum accusamus reprehenderit et numquam doloribus. Cum voluptatum provident neque quisquam. Quaerat voluptas rem inventore.', 5, '2023-01-31 03:18:56', '2023-01-31 03:18:56'),
(39, 20, 'Dr. Leonard Herzog DDS', 'Et dolore enim quis atque dolorum modi rerum dolor. Quia temporibus exercitationem dignissimos distinctio sequi labore quia. Et et et est ut. Quam est odio repellendus ea ut aut. Repellendus recusandae ipsum magnam et in.', 2, '2023-01-31 03:18:56', '2023-01-31 03:18:56'),
(40, 25, 'Princess Marks', 'Iure porro et et suscipit corporis eum quia. Repellat accusamus vitae tempore. Porro aperiam exercitationem aut officiis necessitatibus vitae suscipit.', 5, '2023-01-31 03:18:56', '2023-01-31 03:18:56'),
(41, 33, 'Jarret Bayer', 'Illo reprehenderit vero non perferendis. Laborum sed animi et enim natus sit. Cumque quia accusantium dolor veritatis officia minus.', 1, '2023-01-31 03:18:56', '2023-01-31 03:18:56'),
(42, 6, 'Robbie Beahan', 'Voluptas molestiae possimus omnis commodi non et in sint. Aliquam dicta id mollitia quaerat enim qui. Asperiores repellendus sapiente voluptas nam vero omnis architecto voluptas. Expedita error non rerum.', 1, '2023-01-31 03:18:56', '2023-01-31 03:18:56'),
(43, 23, 'Abigayle Harris', 'Fuga a nam molestias vitae. Ducimus qui alias sint pariatur. Similique excepturi quas expedita velit est sit et. Quo ad ut vero sit. Omnis facilis eum et asperiores cum et ab.', 2, '2023-01-31 03:18:56', '2023-01-31 03:18:56'),
(44, 11, 'Prof. Alayna Dickinson II', 'Qui reprehenderit necessitatibus facilis esse fuga placeat facere molestiae. Veritatis dolorum sint ratione. Omnis commodi dolores occaecati atque officia laudantium ut. Qui sequi atque ut ea.', 3, '2023-01-31 03:18:57', '2023-01-31 03:18:57'),
(45, 23, 'Monique Reinger', 'Quidem dolor dicta in. Amet maiores tempore libero velit quae. Iste dolor et enim.', 1, '2023-01-31 03:18:57', '2023-01-31 03:18:57'),
(46, 16, 'Andre Gottlieb', 'Incidunt vero rerum rerum occaecati ad eum molestiae consequatur. Libero adipisci dolorem adipisci incidunt accusamus quis repudiandae voluptatem. Magni deleniti sunt aspernatur beatae. Quidem tempore ab optio assumenda.', 0, '2023-01-31 03:18:57', '2023-01-31 03:18:57'),
(47, 49, 'Mr. Branson Hauck', 'Enim est porro suscipit deserunt aliquam. Necessitatibus omnis doloribus vel. Et perferendis perferendis sed.', 2, '2023-01-31 03:18:58', '2023-01-31 03:18:58'),
(48, 19, 'Prof. Stone Kuvalis', 'Non ut eum deserunt suscipit perferendis eos. Placeat qui ducimus autem qui autem dolorum deleniti voluptatem. Rerum consequatur sed est at quidem hic. Explicabo explicabo omnis quo voluptatum in quidem deserunt.', 3, '2023-01-31 03:18:58', '2023-01-31 03:18:58'),
(49, 42, 'Gwen Waelchi', 'Aut dolor minima expedita qui id perferendis et. Est omnis voluptas voluptates et eum. Aut id suscipit expedita aperiam in facere.', 5, '2023-01-31 03:18:58', '2023-01-31 03:18:58'),
(50, 11, 'Marc Pollich I', 'Commodi rerum eum nulla reprehenderit nisi asperiores. Quidem odit sit consequatur natus illum. Ut saepe iure perspiciatis voluptas ad.', 2, '2023-01-31 03:18:58', '2023-01-31 03:18:58'),
(51, 40, 'Prof. Hadley Stroman', 'Aliquam optio sunt molestiae expedita velit dolor. Voluptatem saepe veniam adipisci quia voluptatum rerum sequi. Error explicabo rerum voluptas magni. Sunt natus ut reprehenderit.', 0, '2023-01-31 03:18:58', '2023-01-31 03:18:58'),
(52, 42, 'Yvette Schmitt MD', 'Fugiat eligendi sit enim ex. Quo culpa ut iure nihil. Ipsam veritatis harum et dolorem.', 5, '2023-01-31 03:18:58', '2023-01-31 03:18:58'),
(53, 11, 'Davin Kling', 'Quis ipsa odit tempora et est iure aliquam. Eum id eos dolorum ut et harum ipsum. Ut non mollitia voluptatum non. Voluptatibus delectus iure a repellendus et. Numquam officia ut et cum.', 0, '2023-01-31 03:18:58', '2023-01-31 03:18:58'),
(54, 37, 'Miss Veronica Wuckert', 'Qui architecto et suscipit est. Temporibus eum ut nulla enim consequatur voluptatem sed. Sed voluptas quo qui enim provident dignissimos. Optio quisquam commodi molestiae rem voluptas dolorem natus porro. Consequatur eius tempora quo delectus.', 5, '2023-01-31 03:18:58', '2023-01-31 03:18:58'),
(55, 48, 'Stanley Johns', 'Rerum id qui veniam veritatis. Ad totam eius soluta aspernatur quam dolores. Dolor odit vero est in.', 4, '2023-01-31 03:18:59', '2023-01-31 03:18:59'),
(56, 11, 'Prof. Catalina Denesik IV', 'Vel est architecto omnis facilis laborum alias doloribus. Dignissimos error eum vel deleniti repellat. Eveniet aliquam pariatur error porro nulla rerum consectetur. Totam deleniti dolorem enim nobis doloremque nihil.', 3, '2023-01-31 03:18:59', '2023-01-31 03:18:59'),
(57, 43, 'Cyril Hudson', 'Aspernatur voluptas sint qui ea. Aut nostrum fuga suscipit incidunt dolorem quos iste.', 5, '2023-01-31 03:19:00', '2023-01-31 03:19:00'),
(58, 24, 'Golda Mante', 'Odio laudantium perspiciatis voluptatibus officia non ad. Excepturi explicabo aut maiores id qui. Debitis dignissimos praesentium inventore quisquam quaerat omnis. Possimus minus aliquam ipsa aliquam in sint deleniti. Et impedit deserunt assumenda ea quia totam voluptatem.', 5, '2023-01-31 03:19:00', '2023-01-31 03:19:00'),
(59, 47, 'Maeve Murphy', 'Et omnis incidunt natus sequi aut. Reprehenderit et ea possimus velit a. Eligendi culpa eum dignissimos sed. Exercitationem libero aut itaque et expedita non eius. Exercitationem veniam sed sint et animi sed.', 4, '2023-01-31 03:19:00', '2023-01-31 03:19:00'),
(60, 36, 'Ivy Homenick', 'Sequi quisquam illo corrupti iste ullam. Et modi deserunt quidem asperiores. Autem aspernatur excepturi ea omnis. Ut et aperiam quibusdam iste.', 2, '2023-01-31 03:19:00', '2023-01-31 03:19:00'),
(61, 32, 'Miss Tiana Larson III', 'Impedit molestiae molestias vitae quia natus nobis. Doloremque voluptatem necessitatibus quo cupiditate deleniti. Neque sint non blanditiis. Voluptatem nam ut ut nostrum quos. Perferendis voluptas est qui maxime et.', 1, '2023-01-31 03:19:00', '2023-01-31 03:19:00'),
(62, 29, 'Darryl Leffler', 'Molestias asperiores ut mollitia eos. Laudantium sunt ea facilis maiores molestiae neque quis rerum. Odit ipsa iusto sed dolores. Modi nihil quia modi ab.', 2, '2023-01-31 03:19:00', '2023-01-31 03:19:00'),
(63, 47, 'Cicero Grady', 'Qui dolore perspiciatis voluptatem tenetur facilis tempora tempore. Natus illum voluptatem nisi quam qui quae explicabo.', 0, '2023-01-31 03:19:01', '2023-01-31 03:19:01'),
(64, 23, 'Letha Trantow', 'Autem quae nulla earum rerum doloremque et. Dolor et laborum exercitationem autem. Non ex optio iste sint officiis voluptates natus. Non accusantium ipsam neque sunt sit.', 5, '2023-01-31 03:19:01', '2023-01-31 03:19:01'),
(65, 42, 'Richard Wunsch', 'Aliquid perspiciatis eaque tempore est cupiditate ratione et. Quia ut quasi et non consequatur laborum. Eos ut modi est tempore minima doloremque. Voluptatem sint consequatur cum dignissimos placeat inventore.', 3, '2023-01-31 03:19:01', '2023-01-31 03:19:01'),
(66, 23, 'Piper Padberg', 'Fugiat et similique natus ut molestiae porro. Laborum modi a exercitationem est aut fugiat. Architecto est magnam quibusdam asperiores occaecati. Dolorem aut quo animi itaque ducimus dolores. Quas quo illo sit quia placeat est.', 2, '2023-01-31 03:19:01', '2023-01-31 03:19:01'),
(67, 33, 'August Beatty', 'Molestias et et saepe eaque. Expedita nam est pariatur impedit neque. Sapiente molestiae qui suscipit est commodi quod sit exercitationem.', 0, '2023-01-31 03:19:01', '2023-01-31 03:19:01'),
(68, 11, 'Dr. Orlando McClure', 'Dolor nihil est fugiat iusto reiciendis. Molestiae voluptas magni quia eos.', 2, '2023-01-31 03:19:01', '2023-01-31 03:19:01'),
(69, 41, 'Vernon Huels', 'Et saepe unde quod perferendis nihil quia. Saepe alias non necessitatibus eos distinctio similique.', 5, '2023-01-31 03:19:02', '2023-01-31 03:19:02'),
(70, 4, 'Mafalda Marquardt', 'Consequuntur et dolores illo laborum. Non officiis id voluptas id ut iste aut. Atque fugiat quia laudantium eum vel quaerat. Voluptate beatae illum quo sed magni. Sint deleniti voluptates suscipit.', 0, '2023-01-31 03:19:02', '2023-01-31 03:19:02'),
(71, 2, 'Prof. Cortney Eichmann MD', 'Repellendus nesciunt et et. Reiciendis fugiat voluptatem sit qui. Laborum nihil velit et accusamus quia totam in et.', 4, '2023-01-31 03:19:02', '2023-01-31 03:19:02'),
(72, 46, 'Melvina Harber', 'Non doloribus numquam autem blanditiis commodi. Consequatur exercitationem doloremque ipsa quam et nam. Porro nisi a cupiditate doloribus animi illum. Laborum voluptas libero recusandae.', 4, '2023-01-31 03:19:02', '2023-01-31 03:19:02'),
(73, 10, 'Carmel Murphy I', 'Accusamus consequatur minima quasi adipisci voluptates voluptas. Quia dolore odio ratione provident molestiae a. Aliquid consequatur esse accusamus et esse. Nostrum et odit deserunt ut iste magnam. Facere dolore nesciunt consequatur corporis et sapiente eos.', 0, '2023-01-31 03:19:02', '2023-01-31 03:19:02'),
(74, 33, 'Mrs. Jaqueline Satterfield', 'Quae delectus consequatur repellendus qui. Unde est aliquid nemo dolore aut consequatur doloribus. Velit quis ea dolorum occaecati aut et magnam. Ducimus nulla earum vel fuga accusamus velit beatae.', 5, '2023-01-31 03:19:02', '2023-01-31 03:19:02'),
(75, 12, 'Priscilla Wilderman', 'Nihil saepe rem voluptates laudantium similique. Quis quisquam ab expedita magnam numquam sunt. Aut delectus a nemo ullam tempore. Mollitia quia est vitae dolore praesentium qui eligendi.', 1, '2023-01-31 03:19:02', '2023-01-31 03:19:02'),
(76, 8, 'Prof. Simone Pouros', 'Totam magni nam eius corporis. Aliquam tempora id maiores sapiente maxime quod. Et ad officiis eveniet rerum qui est inventore nostrum. Est magnam quas iusto nesciunt totam rerum voluptatem.', 0, '2023-01-31 03:19:02', '2023-01-31 03:19:02'),
(77, 11, 'Francisco Hansen', 'Voluptate maxime blanditiis voluptas sit nisi quisquam neque. Non odio suscipit aut laborum velit officiis. Numquam assumenda autem alias qui. Consequatur placeat dicta enim in qui sed.', 2, '2023-01-31 03:19:02', '2023-01-31 03:19:02'),
(78, 26, 'Ms. Christa Bauch DVM', 'Nostrum repellendus a aut repellat recusandae quaerat quis. Accusantium est quia dolores omnis ducimus et. Explicabo illo nam odit eveniet quisquam. Neque sit consectetur nemo deserunt reprehenderit.', 3, '2023-01-31 03:19:02', '2023-01-31 03:19:02'),
(79, 39, 'Brandy Flatley', 'Voluptatem possimus et nisi at architecto et deserunt. Unde vel est vitae quibusdam ut cum. Qui praesentium tempora sit in.', 2, '2023-01-31 03:19:02', '2023-01-31 03:19:02'),
(80, 35, 'Donnie Willms', 'Iste velit pariatur quo in. Sit adipisci ad sunt nam. Aliquid ipsum sapiente repudiandae molestias architecto officiis quis.', 1, '2023-01-31 03:19:02', '2023-01-31 03:19:02'),
(81, 30, 'Mrs. Rhianna Bogan PhD', 'Saepe occaecati cum dicta. In autem aut dolorem sint. Quidem quisquam beatae quis officia.', 2, '2023-01-31 03:19:02', '2023-01-31 03:19:02'),
(82, 3, 'Hollie Flatley', 'Rerum est magni necessitatibus inventore natus nihil. Aliquam aliquid necessitatibus est enim cum assumenda necessitatibus. Rem minima sapiente fugiat recusandae saepe magni.', 1, '2023-01-31 03:19:02', '2023-01-31 03:19:02'),
(83, 47, 'Judah Powlowski', 'Veniam inventore rem ut quaerat. Itaque iure animi sint sint est. Accusamus blanditiis consequuntur sed ut. Beatae atque architecto fugit libero explicabo dolores nesciunt.', 0, '2023-01-31 03:19:02', '2023-01-31 03:19:02'),
(84, 41, 'Hazle D\'Amore', 'Et animi ipsum et corporis totam. Quam rerum ducimus illo rerum consequatur earum eveniet corrupti. Qui laborum velit sint et laborum.', 4, '2023-01-31 03:19:03', '2023-01-31 03:19:03'),
(85, 28, 'Jazlyn Feeney', 'Voluptas maxime rem sapiente voluptatem accusantium cum quos. Maxime sit ea cum eveniet natus.', 2, '2023-01-31 03:19:03', '2023-01-31 03:19:03'),
(86, 7, 'Arch O\'Connell', 'Omnis ea qui perspiciatis possimus non possimus. Ipsa vel enim cumque et minima necessitatibus vel. Alias rerum id temporibus eum et rerum aspernatur.', 2, '2023-01-31 03:19:03', '2023-01-31 03:19:03'),
(87, 41, 'Lyla Hickle', 'Nihil cumque similique amet non. Quis deleniti tenetur vel nisi consequatur ipsam magni. Omnis facilis cumque voluptatem perspiciatis. Quo dolorum sit vitae ex nam.', 3, '2023-01-31 03:19:03', '2023-01-31 03:19:03'),
(88, 9, 'Casey Boyer', 'Dicta quasi qui iusto illum similique. Quod ut at deleniti ea quos deserunt dolorem.', 1, '2023-01-31 03:19:03', '2023-01-31 03:19:03'),
(89, 3, 'Jany Feeney DVM', 'Quaerat est doloribus sit nemo dolores nam enim. Consequatur molestiae fugit praesentium expedita et harum expedita. Voluptatem aliquam eius iusto a tenetur placeat. Ut nisi dolores magnam reprehenderit. Quaerat quia ut maiores consequatur.', 5, '2023-01-31 03:19:03', '2023-01-31 03:19:03'),
(90, 23, 'Dr. Valerie Zulauf', 'Quae nobis culpa ab fugit et. Harum error veniam et illum atque maxime. Voluptas sunt suscipit voluptatem totam magni facilis. Voluptas dolorem veritatis laudantium quasi et.', 4, '2023-01-31 03:19:03', '2023-01-31 03:19:03'),
(91, 43, 'Hertha Kemmer', 'Et vitae officiis quis blanditiis minima exercitationem dolores. Velit et sequi et consequatur.', 5, '2023-01-31 03:19:03', '2023-01-31 03:19:03'),
(92, 22, 'Ms. Abby Klein II', 'Sint eaque cupiditate tenetur veritatis voluptas. Sapiente id non laborum qui officiis rem. Assumenda ipsa in neque modi ducimus sed quam. Nihil veniam ea sequi deleniti fugit et.', 5, '2023-01-31 03:19:03', '2023-01-31 03:19:03'),
(93, 31, 'Dr. Juliana Dickens Jr.', 'Vero sint iste eaque. Eos repellendus itaque aut. Molestias dolorum rerum autem blanditiis quis praesentium quis perferendis. Atque sint unde qui voluptatem deleniti.', 4, '2023-01-31 03:19:03', '2023-01-31 03:19:03'),
(94, 34, 'Mr. Ewald Ondricka DDS', 'Magni dolorum nisi quam ab numquam vel. Excepturi placeat quaerat quas asperiores pariatur corrupti et rerum. Dolores necessitatibus quia ex et voluptas vel.', 1, '2023-01-31 03:19:03', '2023-01-31 03:19:03'),
(95, 25, 'Lavada Jacobson', 'Vitae earum qui dolores. Eos ut deserunt veritatis aliquam quos aperiam. Similique dignissimos ea aut aspernatur et alias sed.', 0, '2023-01-31 03:19:03', '2023-01-31 03:19:03'),
(96, 6, 'Edgar Ebert PhD', 'Exercitationem quidem iste doloribus quia doloribus asperiores. Illum quia quo magnam molestias dicta. Explicabo quibusdam deleniti velit exercitationem a cupiditate quia. Ea quidem laborum aut debitis molestiae.', 2, '2023-01-31 03:19:04', '2023-01-31 03:19:04'),
(97, 18, 'Evan Schinner', 'Ratione qui in nam debitis repellendus repellat rerum. Iure eaque consequatur veritatis saepe hic. Maxime reiciendis repellat voluptas et rerum. Reiciendis ut dolorem culpa laudantium totam corrupti quia.', 1, '2023-01-31 03:19:04', '2023-01-31 03:19:04'),
(98, 48, 'Issac Hilpert', 'Delectus beatae alias rerum eos officiis voluptates vel. Quas libero aut quam voluptatum ipsa sint consequuntur. Voluptas qui rerum velit iure et possimus doloribus. Magni commodi necessitatibus porro sint reprehenderit corrupti. Dolor vel facilis magnam reiciendis.', 3, '2023-01-31 03:19:04', '2023-01-31 03:19:04'),
(99, 37, 'Malinda Larkin', 'Perspiciatis nobis maiores nihil reiciendis quos. Quibusdam nulla harum nesciunt labore. Quis et quas rem ratione et saepe. Aperiam doloremque et nisi cupiditate nihil itaque iusto.', 5, '2023-01-31 03:19:04', '2023-01-31 03:19:04'),
(100, 13, 'Carmen Lindgren', 'Eveniet tempore sapiente autem quis alias qui. Rerum eaque distinctio ut rerum. Nulla optio aperiam iste assumenda.', 4, '2023-01-31 03:19:04', '2023-01-31 03:19:04'),
(101, 8, 'Hellen Kassulke', 'Quae consequatur et minus quam tempora eum eveniet. Eveniet est totam quis atque praesentium sint. Facere vel reiciendis dolorem ut. Nam nostrum excepturi nihil id quia minima error aliquid.', 3, '2023-01-31 03:19:05', '2023-01-31 03:19:05'),
(102, 12, 'Bernie Heidenreich DVM', 'Officiis et corporis est saepe. Pariatur debitis asperiores rem quae in quam. Id ad beatae quaerat. Quia est aut dolor iste. Occaecati quia facilis eveniet fugit quo quis autem enim.', 0, '2023-01-31 03:19:05', '2023-01-31 03:19:05'),
(103, 2, 'Rosella Haag', 'Qui est exercitationem ut deleniti excepturi est. Ut aliquid autem quae non corporis sequi dolores. Molestias maiores ut saepe.', 5, '2023-01-31 03:19:05', '2023-01-31 03:19:05'),
(104, 32, 'Reta Cremin', 'Id autem rem ea nihil dolor. Vel dignissimos et unde commodi magnam.', 0, '2023-01-31 03:19:05', '2023-01-31 03:19:05'),
(105, 49, 'Claudia Connelly DDS', 'Illo quia qui impedit ut. Expedita rerum laboriosam non sit et. Natus sed aspernatur molestias et.', 0, '2023-01-31 03:19:05', '2023-01-31 03:19:05'),
(106, 9, 'Prof. Thelma Vandervort PhD', 'Iste architecto eos modi illum. Hic distinctio perspiciatis quia aspernatur vero animi. Totam magni atque non. Ut minima amet delectus.', 4, '2023-01-31 03:19:05', '2023-01-31 03:19:05'),
(107, 41, 'Lamar Hammes', 'Sit veritatis libero officia. Est nam fuga id error. Iste non suscipit non ab. Deleniti autem aut sunt vel quis reprehenderit nisi.', 2, '2023-01-31 03:19:05', '2023-01-31 03:19:05'),
(108, 41, 'Hugh Crooks', 'Sit pariatur dolorem non ad quas consectetur nulla. Distinctio tempore nam earum quod est sit recusandae qui. Cumque atque eum dignissimos harum neque quia laudantium. Qui rerum sit neque.', 0, '2023-01-31 03:19:05', '2023-01-31 03:19:05'),
(109, 9, 'Torrance Considine DVM', 'At suscipit assumenda omnis sint sint iste molestiae quod. Facilis nam ut repellendus tenetur. Rerum cupiditate necessitatibus et consequatur. Velit reprehenderit vel est vel aperiam dolorem dicta.', 3, '2023-01-31 03:19:05', '2023-01-31 03:19:05'),
(110, 26, 'Mrs. Meagan Price', 'In iusto iusto officiis omnis sit quasi qui autem. Aperiam voluptates voluptatibus iste consequuntur. Veniam commodi quaerat ab ut debitis minima vel.', 0, '2023-01-31 03:19:05', '2023-01-31 03:19:05'),
(111, 1, 'Miss Alexanne Lakin', 'Ratione magnam molestias libero. Et enim voluptates dolore velit dolores quia nesciunt nesciunt. Expedita voluptatem distinctio qui.', 4, '2023-01-31 03:19:05', '2023-01-31 03:19:05'),
(112, 15, 'Lane Schneider', 'Blanditiis illo saepe dolorem consectetur nostrum. Reprehenderit accusantium consequuntur et sit adipisci ipsam. Quis est et sunt sequi distinctio magni. Ipsam illo quia fuga ea quia dignissimos nobis.', 1, '2023-01-31 03:19:05', '2023-01-31 03:19:05'),
(113, 4, 'Mr. Tobin Morar DVM', 'Sit dignissimos cum quam dicta. Inventore amet voluptatem occaecati et. Facere est laudantium maxime optio numquam provident corporis laborum. Eos earum asperiores quia officia voluptate ipsam.', 1, '2023-01-31 03:19:06', '2023-01-31 03:19:06'),
(114, 18, 'Riley Jerde Jr.', 'Dolore et est perferendis molestias. Doloribus voluptas corrupti tempora sunt similique aliquam porro quod. Facilis occaecati molestias deserunt excepturi aperiam nulla voluptatibus. Necessitatibus aliquid voluptatem et minima.', 2, '2023-01-31 03:19:06', '2023-01-31 03:19:06'),
(115, 37, 'Audra Hagenes', 'Quos dolor omnis autem. Officia quia quibusdam pariatur architecto. Aut inventore ullam beatae sit. Laborum dolore exercitationem ipsa veniam vitae eos rerum.', 3, '2023-01-31 03:19:06', '2023-01-31 03:19:06'),
(116, 14, 'Prof. Darren Boehm', 'Eos debitis maxime saepe ipsum. Omnis necessitatibus voluptas incidunt voluptatem rerum. Illo facere dolorem harum quia quaerat veritatis. Perferendis quod voluptatem voluptatem assumenda voluptas atque est.', 4, '2023-01-31 03:19:06', '2023-01-31 03:19:06'),
(117, 26, 'Betty Heaney', 'Et dolorem eveniet rerum commodi et. Harum est distinctio animi officia molestiae necessitatibus in ullam. Rem est odit ducimus est ratione qui sit magni. Suscipit ut quibusdam minima vitae.', 1, '2023-01-31 03:19:06', '2023-01-31 03:19:06'),
(118, 27, 'Eldred Sipes', 'Fugit et eligendi quis temporibus distinctio. Sed nesciunt mollitia culpa eum consequatur consequuntur voluptas et. Totam ut numquam deserunt similique sed sunt sed. Dolore ab doloremque earum consectetur est quo magnam.', 3, '2023-01-31 03:19:06', '2023-01-31 03:19:06'),
(119, 22, 'Ava Gaylord PhD', 'Dolor non qui unde sed ea laboriosam qui incidunt. Aliquid cum rerum inventore corporis. Officiis voluptas eius qui id quia. Odio sit quibusdam totam accusantium.', 4, '2023-01-31 03:19:06', '2023-01-31 03:19:06'),
(120, 47, 'Prof. Kelvin Wolff Jr.', 'Qui sint omnis sint dolor accusantium hic id praesentium. Quos cupiditate esse dolor nulla. Mollitia ut cupiditate sed tenetur at id aut. Quia sit rerum autem est.', 5, '2023-01-31 03:19:06', '2023-01-31 03:19:06'),
(121, 32, 'Vivianne Hagenes I', 'Aut reiciendis iste animi. Eos molestias autem omnis nihil est. Earum voluptas delectus molestias accusamus sequi.', 4, '2023-01-31 03:19:06', '2023-01-31 03:19:06'),
(122, 7, 'Natalie Renner IV', 'Sunt in vero sed voluptatem eos ipsam harum. Dolorum laboriosam unde ea consectetur magnam laborum est. Magnam sit laboriosam delectus perspiciatis ut.', 5, '2023-01-31 03:19:06', '2023-01-31 03:19:06'),
(123, 12, 'Mr. Morton Schiller DVM', 'Ipsam eveniet magnam molestias et occaecati consequatur ut. Rerum quia fugit autem quaerat.', 1, '2023-01-31 03:19:06', '2023-01-31 03:19:06'),
(124, 17, 'Mr. Oda Romaguera DDS', 'Nobis ut ut laboriosam in. Est dolorum dicta illo nihil enim officiis nemo voluptatum. Quam soluta dolorem harum deleniti tempora. Quia doloribus non facilis eos unde.', 1, '2023-01-31 03:19:06', '2023-01-31 03:19:06'),
(125, 35, 'Nickolas Hammes V', 'Omnis quibusdam perferendis et ea vero enim. Accusantium odio fuga magnam consequatur. Et dolores est et atque.', 3, '2023-01-31 03:19:06', '2023-01-31 03:19:06'),
(126, 38, 'Karina Jenkins', 'Placeat consequatur occaecati necessitatibus enim placeat nobis ipsum. Animi dolor error voluptatibus temporibus odio. Cum aut quisquam laudantium sit a.', 0, '2023-01-31 03:19:07', '2023-01-31 03:19:07'),
(127, 15, 'Carlos McDermott', 'Quos velit eum nobis debitis ea quis. Doloribus dolorem ipsa magnam maiores commodi dolores accusamus. Praesentium tempora et et velit quidem voluptas.', 3, '2023-01-31 03:19:07', '2023-01-31 03:19:07'),
(128, 4, 'Audreanne Schaefer', 'Enim laboriosam ullam culpa. Rem corporis a amet voluptatum voluptatem sapiente. Et assumenda cumque qui non dicta modi adipisci. Quisquam mollitia esse consectetur harum. Unde neque consequatur dicta neque molestias minima quam minima.', 2, '2023-01-31 03:19:07', '2023-01-31 03:19:07'),
(129, 27, 'Sally Tillman', 'Dolores qui sit similique labore error. Libero sapiente omnis corrupti dicta. Officiis nam saepe non asperiores et. Sequi quo voluptas voluptas reprehenderit.', 3, '2023-01-31 03:19:07', '2023-01-31 03:19:07'),
(130, 21, 'Dr. Lilian Windler DDS', 'Id dolores unde eos qui est repellendus. Optio similique commodi aut rerum ut perferendis. Voluptatem sit velit voluptates quo.', 2, '2023-01-31 03:19:07', '2023-01-31 03:19:07'),
(131, 28, 'Rick Kulas V', 'Non aliquid unde eos doloremque praesentium. Excepturi sit consequatur optio laudantium sint accusamus aut. Consequatur autem deserunt ea praesentium non maxime modi temporibus. Asperiores asperiores iusto vitae dolore saepe molestiae sunt.', 2, '2023-01-31 03:19:07', '2023-01-31 03:19:07'),
(132, 37, 'Prof. Macie Reynolds', 'Beatae aspernatur ut consequatur sed vel. Saepe blanditiis id ut voluptatem animi quisquam optio. Velit eos ex modi minima dolore sunt.', 4, '2023-01-31 03:19:07', '2023-01-31 03:19:07'),
(133, 50, 'Camryn King IV', 'Temporibus accusamus perspiciatis ut possimus id. Assumenda magni tenetur distinctio exercitationem blanditiis. Fugit at incidunt nulla minus. Saepe architecto a neque magnam ut nam.', 5, '2023-01-31 03:19:07', '2023-01-31 03:19:07'),
(134, 12, 'Nella Cummings', 'Voluptatem dolores non recusandae nulla laudantium et eos. Cupiditate nulla voluptatibus nihil deserunt quas.', 3, '2023-01-31 03:19:07', '2023-01-31 03:19:07'),
(135, 41, 'Ila Thiel IV', 'Neque et qui dolorum et. Repellat odio culpa ut aut maxime odio earum. Voluptatibus iure fugit officia praesentium est laborum.', 1, '2023-01-31 03:19:07', '2023-01-31 03:19:07'),
(136, 22, 'Florence Quigley', 'Est eveniet ducimus qui accusantium. Enim praesentium dolores sit dolorem dolorem dolor. Doloribus omnis aut itaque porro accusantium.', 2, '2023-01-31 03:19:08', '2023-01-31 03:19:08'),
(137, 47, 'Gaylord Kemmer Sr.', 'Consectetur tempora placeat reiciendis aut eligendi. Beatae vero est et tempora temporibus itaque. Sunt provident laudantium quis perspiciatis id ullam.', 2, '2023-01-31 03:19:08', '2023-01-31 03:19:08'),
(138, 47, 'Mr. Titus Bosco', 'Et repellat excepturi maiores non molestiae. Mollitia nulla ab sed nesciunt est. Aut aut doloribus veniam vero at explicabo consequuntur. Debitis voluptas rerum reprehenderit ipsa ut.', 0, '2023-01-31 03:19:08', '2023-01-31 03:19:08'),
(139, 32, 'Ms. Noemie Ullrich IV', 'Sunt sunt architecto architecto dignissimos alias numquam iste. Deserunt ea ullam aut harum occaecati cumque. Aut molestiae laudantium qui dolores qui ipsa quod.', 2, '2023-01-31 03:19:08', '2023-01-31 03:19:08'),
(140, 9, 'Pearl White', 'Repellendus illum deserunt et quod in recusandae molestiae. Est eum cupiditate minima quisquam quaerat maiores. Rerum nostrum odio ipsam repellat est rem dolorem.', 4, '2023-01-31 03:19:08', '2023-01-31 03:19:08'),
(141, 13, 'Prof. Vladimir Lowe III', 'Voluptatibus qui sint nemo doloremque et necessitatibus. Itaque ducimus incidunt corporis ut autem incidunt. Porro adipisci animi consequuntur fugit qui.', 4, '2023-01-31 03:19:08', '2023-01-31 03:19:08'),
(142, 23, 'Devonte Koepp Jr.', 'Architecto quasi qui ut deleniti. Distinctio tempore earum qui quaerat dolorum iure culpa. Quia quia perferendis incidunt ducimus nihil.', 4, '2023-01-31 03:19:08', '2023-01-31 03:19:08'),
(143, 14, 'Esperanza Donnelly', 'Ut modi alias sunt aliquid itaque voluptatem provident. Et est est odio maxime eveniet quam quam. Facilis incidunt dicta quibusdam. In laudantium voluptatum quos ad at sequi.', 3, '2023-01-31 03:19:08', '2023-01-31 03:19:08'),
(144, 21, 'Ms. Linda Morar', 'Eos dicta accusamus qui. Enim alias voluptates enim ut consequatur dicta in. Numquam fugiat molestiae sit ea. Odio in ut mollitia aut dolorem soluta qui. Inventore quia sint qui dignissimos ut perspiciatis.', 5, '2023-01-31 03:19:08', '2023-01-31 03:19:08'),
(145, 11, 'Mayra Durgan', 'Dolorum recusandae maiores et fugit dolores labore. Et molestiae blanditiis dolorem consequuntur cupiditate et ea. Facere occaecati aut impedit alias optio veniam et. Ipsum autem et rerum molestiae odio perferendis aut magni.', 1, '2023-01-31 03:19:08', '2023-01-31 03:19:08'),
(146, 32, 'Modesto Bashirian I', 'Quisquam minima quis minima unde sit nostrum nihil. Unde hic aut consequatur itaque. Minima quasi expedita tempora quia beatae. Non quod aut ad reiciendis earum dicta.', 1, '2023-01-31 03:19:08', '2023-01-31 03:19:08'),
(147, 11, 'Lois Hermann', 'Et eligendi totam ullam dolores molestias voluptates voluptas. Minima magnam veritatis quia harum aut accusamus.', 4, '2023-01-31 03:19:09', '2023-01-31 03:19:09'),
(148, 39, 'Dr. Elena Lesch', 'Alias eos libero officia voluptas. Laborum praesentium quo eum voluptatum tempore omnis omnis. Eos maxime non et est et. Blanditiis sit quae eos commodi.', 2, '2023-01-31 03:19:09', '2023-01-31 03:19:09'),
(149, 35, 'Westley Fahey', 'Facere et alias alias velit ad officiis consequatur. Voluptas veniam harum ipsum illo est saepe iusto. Dolore voluptas explicabo rerum nihil et blanditiis maxime velit.', 5, '2023-01-31 03:19:09', '2023-01-31 03:19:09'),
(150, 19, 'Ludwig Connelly IV', 'Maxime possimus quos accusamus similique aspernatur eveniet eum. Nostrum quia atque minus excepturi et aut nisi. Officiis totam sed sit nihil. Error quo ipsum fugiat quod aliquam.', 0, '2023-01-31 03:19:09', '2023-01-31 03:19:09'),
(151, 46, 'Diana Torp', 'Autem quia alias impedit vel placeat et magnam. Voluptatum et enim maiores ab enim. Nulla incidunt qui nostrum modi nemo aspernatur. Veniam nam eos omnis perferendis doloremque voluptatum tempore.', 2, '2023-01-31 03:19:09', '2023-01-31 03:19:09'),
(152, 7, 'Steve Kuphal', 'Id aliquid quidem quia numquam dolorum. Quas labore et quis sapiente eaque mollitia enim. Veniam modi ex ut et sunt dolorem cumque.', 4, '2023-01-31 03:19:09', '2023-01-31 03:19:09'),
(153, 24, 'Elissa Veum', 'Ipsum non dolore exercitationem quasi. Pariatur eaque saepe tenetur molestiae et. Quo quis itaque ut debitis vel. Quaerat explicabo ea est qui aut quisquam.', 2, '2023-01-31 03:19:09', '2023-01-31 03:19:09'),
(154, 35, 'Kari Murazik', 'Qui in incidunt occaecati maiores perspiciatis. Officiis vitae animi optio voluptatibus omnis modi aut. Impedit qui aliquid nobis suscipit quisquam voluptas. Aliquid dolores vero dolores sed dolore.', 4, '2023-01-31 03:19:09', '2023-01-31 03:19:09'),
(155, 13, 'Nikki Parker', 'Est repudiandae error adipisci. Debitis vero velit quos in at asperiores. Delectus facilis dolores omnis sint.', 2, '2023-01-31 03:19:09', '2023-01-31 03:19:09'),
(156, 25, 'Trenton Watsica I', 'Nostrum atque delectus quae hic nihil dolores. Magni quaerat doloribus exercitationem odio dolorum. Autem tempore voluptates aperiam explicabo saepe a rem. Est aut eum quia inventore molestiae animi dignissimos hic.', 0, '2023-01-31 03:19:09', '2023-01-31 03:19:09'),
(157, 26, 'Margot Romaguera', 'Fugit deserunt perferendis inventore blanditiis. Inventore assumenda doloremque nulla sunt et eligendi. Ex corporis ex odio quas nostrum repudiandae explicabo. Suscipit rerum incidunt id culpa.', 3, '2023-01-31 03:19:09', '2023-01-31 03:19:09'),
(158, 25, 'Caitlyn Runolfsdottir', 'Sequi id rerum magnam aut non. Dolore tenetur dolor ab culpa mollitia totam labore. Harum dolor impedit consequatur deleniti perferendis aut facilis. Est perferendis omnis consequatur eum enim ullam voluptatem.', 4, '2023-01-31 03:19:10', '2023-01-31 03:19:10'),
(159, 32, 'Ardella Spinka', 'Corrupti est explicabo quibusdam et. Sint qui doloremque culpa ad quia veniam illo. Aut minima tempora impedit porro eaque. Sit quas nihil deserunt velit voluptatibus est.', 0, '2023-01-31 03:19:10', '2023-01-31 03:19:10'),
(160, 43, 'Ms. Ericka Breitenberg Jr.', 'Quis et ipsa quod. Quasi vitae at fugit quae voluptatibus occaecati. Et ut ullam ea qui. Non nobis voluptas eum voluptatibus debitis perferendis.', 1, '2023-01-31 03:19:10', '2023-01-31 03:19:10'),
(161, 37, 'Mr. Kyler Okuneva', 'Voluptatum ab veniam aut explicabo repellat sed enim ex. Quam est magnam consequatur reiciendis nihil et in. Quidem est et voluptate pariatur optio velit. A rerum omnis consequuntur nemo veritatis sequi sapiente.', 3, '2023-01-31 03:19:11', '2023-01-31 03:19:11'),
(162, 32, 'Opal Wehner', 'Natus placeat eum saepe quia consequatur suscipit. Aut et porro qui. Quo omnis reiciendis ea quisquam.', 1, '2023-01-31 03:19:11', '2023-01-31 03:19:11'),
(163, 23, 'Tobin Harber', 'Velit et nisi quia ut voluptatem dolor vel. Ipsam non ab doloribus vero. Assumenda in aut facere ea.', 2, '2023-01-31 03:19:11', '2023-01-31 03:19:11'),
(164, 12, 'Gilberto DuBuque', 'Consequatur deserunt omnis temporibus aut. Itaque voluptatem dolorem repudiandae doloremque. Ut soluta dicta saepe corrupti aut qui sint. Minus autem eos voluptatem quia.', 3, '2023-01-31 03:19:11', '2023-01-31 03:19:11'),
(165, 41, 'Mrs. Helena Howe Jr.', 'Labore repudiandae consequatur modi et non suscipit. Non vel eaque officia non sit fugit.', 4, '2023-01-31 03:19:11', '2023-01-31 03:19:11'),
(166, 11, 'Miss Marie Hill', 'Omnis magnam maxime optio ratione cum dolorem harum. Aut veniam voluptatem est. Et qui odit impedit quis quas velit expedita quae. Qui consequatur facere excepturi accusantium est.', 5, '2023-01-31 03:19:12', '2023-01-31 03:19:12'),
(167, 22, 'Prof. Freeman Corwin', 'Architecto et aut consequatur qui consequuntur autem voluptatum. Aperiam veritatis unde suscipit vel eaque dolores. Adipisci similique architecto adipisci voluptas nihil dolores molestias. Consectetur non ipsam labore ut.', 3, '2023-01-31 03:19:12', '2023-01-31 03:19:12'),
(168, 40, 'Myles Paucek', 'Qui id et dolor repellendus. Quia ab molestiae enim iusto rem eos. Eaque ipsa tenetur omnis qui aut eius nulla. Doloribus repellat iusto voluptatem vitae.', 4, '2023-01-31 03:19:12', '2023-01-31 03:19:12'),
(169, 38, 'Leslie Kutch Sr.', 'Ratione architecto hic voluptatem tenetur nihil non voluptate atque. Rerum et nesciunt non libero quisquam illum doloribus. Aut molestias vero deleniti praesentium. Quas sunt dolores aut voluptas omnis.', 2, '2023-01-31 03:19:12', '2023-01-31 03:19:12'),
(170, 45, 'Kris Herzog', 'Illum animi sunt eius inventore molestias. Saepe nisi facilis dolorem et soluta voluptatem. Fuga quae non minus sit. Voluptas at blanditiis voluptas velit voluptatum in quidem.', 1, '2023-01-31 03:19:12', '2023-01-31 03:19:12'),
(171, 27, 'Ashlynn Halvorson V', 'Expedita nam facilis omnis at nihil optio illo. A unde repellendus iste libero. Cumque voluptate molestiae ut consequatur voluptate. Reprehenderit voluptatem iusto mollitia dolor debitis ipsam facere.', 2, '2023-01-31 03:19:12', '2023-01-31 03:19:12'),
(172, 29, 'Ed Welch', 'Doloribus veritatis eveniet non voluptatem sit assumenda impedit. Iste eligendi voluptate consequatur adipisci aliquid perspiciatis est. Nihil sed quos omnis quia omnis itaque qui. Mollitia ut voluptas temporibus aut ut.', 1, '2023-01-31 03:19:13', '2023-01-31 03:19:13'),
(173, 9, 'Norwood Koelpin', 'In molestias non libero amet. Ratione at veritatis sint sint. Consectetur laboriosam voluptates est omnis quia ad. Voluptatem aut maxime eum quaerat dolorum laboriosam.', 4, '2023-01-31 03:19:13', '2023-01-31 03:19:13'),
(174, 30, 'Jerry Runte', 'Ipsam cum fugit vitae vitae ut ad vel consequatur. Quisquam sapiente optio rerum placeat at ut fugit qui. Dolorem et voluptate iusto reiciendis a et. Eos dignissimos beatae commodi nobis repudiandae aspernatur et ipsam.', 5, '2023-01-31 03:19:13', '2023-01-31 03:19:13'),
(175, 20, 'Syble Denesik', 'Consectetur labore qui minima accusantium blanditiis. Sunt ex repudiandae odio sed deleniti tenetur saepe. Expedita odio rerum ut facilis. Ab numquam voluptas voluptatibus sequi.', 1, '2023-01-31 03:19:13', '2023-01-31 03:19:13'),
(176, 12, 'Mrs. Lolita Heller II', 'Et illo quia nostrum facere aut. Ducimus animi et quo et molestiae sed sint. Rerum recusandae ad provident temporibus eos cumque. Et quisquam voluptatem et qui qui eos adipisci.', 1, '2023-01-31 03:19:14', '2023-01-31 03:19:14'),
(177, 17, 'Louie Kshlerin', 'Molestiae dicta autem qui culpa ipsam quis itaque nesciunt. Odio et molestias in.', 4, '2023-01-31 03:19:14', '2023-01-31 03:19:14'),
(178, 23, 'Melvin Gerhold', 'Itaque natus exercitationem a aut illum distinctio dolores beatae. Commodi consequatur asperiores est nemo et quia voluptas. Necessitatibus voluptate quibusdam veritatis voluptatibus natus corporis. Hic recusandae illum distinctio molestiae.', 1, '2023-01-31 03:19:14', '2023-01-31 03:19:14'),
(179, 1, 'Candida Breitenberg I', 'Neque repudiandae vel nesciunt qui sint totam possimus. Natus mollitia molestias fugiat reiciendis. Delectus iste dolores blanditiis amet ut voluptas optio. Quos est distinctio aut enim voluptatibus.', 5, '2023-01-31 03:19:14', '2023-01-31 03:19:14'),
(180, 12, 'Jadyn Torp', 'Totam sunt qui provident debitis et. Quas veritatis et ratione ipsam. Deleniti eveniet qui qui et quia.', 3, '2023-01-31 03:19:15', '2023-01-31 03:19:15'),
(181, 42, 'Kurtis Kuhlman', 'Exercitationem cum officia ullam reiciendis maxime nulla voluptate non. Sint sint eum sapiente reiciendis ab ut. Voluptatem accusantium sit nostrum at autem qui. Quis eos sed ad cum.', 0, '2023-01-31 03:19:15', '2023-01-31 03:19:15'),
(182, 26, 'Kade Feil', 'Facere eum ut blanditiis provident amet. Est suscipit laudantium ullam sint voluptatem qui excepturi delectus. Dolor nostrum odit aut soluta modi ullam corporis dignissimos.', 2, '2023-01-31 03:19:15', '2023-01-31 03:19:15'),
(183, 30, 'Fatima Wyman', 'Repellendus iste et voluptas. Ratione quod minima repellendus eaque consectetur aut. Asperiores maxime aut est perspiciatis voluptatum accusamus adipisci. Itaque dolor et voluptatem deserunt aut quod.', 4, '2023-01-31 03:19:15', '2023-01-31 03:19:15'),
(184, 47, 'Audrey Strosin', 'Numquam unde praesentium iste quo harum provident aspernatur. Suscipit adipisci est ut. Voluptas harum dolor magni impedit aut.', 4, '2023-01-31 03:19:16', '2023-01-31 03:19:16'),
(185, 19, 'Marjorie Boehm', 'Repudiandae error necessitatibus neque. Voluptas veritatis eveniet sint ullam ipsam aut beatae reprehenderit. Enim quia culpa quisquam hic ut ratione.', 5, '2023-01-31 03:19:16', '2023-01-31 03:19:16'),
(186, 48, 'Rupert Franecki', 'Repellat velit quo voluptas. Incidunt consectetur ea omnis eveniet. Unde qui molestiae possimus voluptatem ut. Dolorum consequatur rerum et repellat doloribus.', 1, '2023-01-31 03:19:16', '2023-01-31 03:19:16'),
(187, 40, 'Mr. Arnold Hills', 'Fugiat earum inventore qui officiis ullam quisquam. Dolorem eos assumenda porro voluptatem sunt sint. Possimus assumenda tempore ut recusandae ea. Quidem debitis vero quis nostrum quo nisi qui.', 0, '2023-01-31 03:19:16', '2023-01-31 03:19:16'),
(188, 27, 'Mr. Lowell Emmerich III', 'Eligendi hic sint sed. In unde in suscipit et optio quia. Rem autem incidunt aperiam odit soluta quia natus.', 5, '2023-01-31 03:19:17', '2023-01-31 03:19:17'),
(189, 6, 'Dr. Rosetta Dietrich II', 'Architecto molestiae non neque illo excepturi. Deleniti explicabo et ad est illum. Aut voluptatibus voluptatem dicta ullam.', 4, '2023-01-31 03:19:17', '2023-01-31 03:19:17'),
(190, 45, 'Prof. Leopoldo Pfannerstill DDS', 'Similique doloremque accusamus nemo eos. Nisi dolor voluptates repellat ut officia consectetur totam provident. Laboriosam eum vero vero excepturi dolores ipsum assumenda.', 3, '2023-01-31 03:19:17', '2023-01-31 03:19:17'),
(191, 9, 'Ms. Catalina Barrows', 'Atque eos ut minima expedita sequi natus. Voluptatem rerum vel aperiam et sint. Et animi autem doloribus ut et quisquam excepturi. Sit soluta atque exercitationem itaque.', 5, '2023-01-31 03:19:17', '2023-01-31 03:19:17'),
(192, 2, 'Dr. Tom Turcotte', 'Sed tempora officiis praesentium distinctio. Illum exercitationem dolorum necessitatibus. Sequi quis qui qui ut vel esse. Enim similique doloribus quod fugiat rerum et natus a. Dolorem ut ut velit aut labore reiciendis.', 0, '2023-01-31 03:19:17', '2023-01-31 03:19:17'),
(193, 48, 'Grayce Huels MD', 'Labore mollitia voluptatem enim at quisquam. Blanditiis sed libero eos veniam est molestias quo. Ea voluptatum magnam ut architecto dolore amet est.', 3, '2023-01-31 03:19:18', '2023-01-31 03:19:18'),
(194, 36, 'Mr. Barrett Schamberger MD', 'Perferendis beatae odio nisi excepturi et beatae tenetur error. Et ratione corporis possimus suscipit dignissimos autem consequatur delectus. Quia laborum quo consequatur vero dolores consequatur. Est laudantium rerum inventore.', 4, '2023-01-31 03:19:18', '2023-01-31 03:19:18'),
(195, 3, 'Margret Emmerich DVM', 'Ut sint id a. Beatae quis rerum atque quo sed. Repudiandae consequatur accusamus tenetur quam deserunt quia error.', 2, '2023-01-31 03:19:18', '2023-01-31 03:19:18'),
(196, 37, 'Sonya Miller', 'Iusto explicabo quaerat sint atque laborum. Voluptatibus nemo a culpa amet illum cumque.', 5, '2023-01-31 03:19:18', '2023-01-31 03:19:18'),
(197, 50, 'Daphne Mitchell V', 'Quo vero magnam illum molestiae et. Et debitis nostrum quas dolorem sequi praesentium quos. Ipsa rerum aperiam sit in.', 3, '2023-01-31 03:19:18', '2023-01-31 03:19:18'),
(198, 11, 'Mrs. Octavia Stiedemann III', 'Omnis et excepturi nihil impedit magni. Ex tempore omnis eos. Ad et rerum rem eos est dolorum. Voluptas id dolorem aut aspernatur exercitationem sunt et. Quam quis provident molestias perferendis.', 2, '2023-01-31 03:19:18', '2023-01-31 03:19:18'),
(199, 28, 'Eva Strosin', 'Dolore et omnis optio excepturi praesentium iure. Aliquid veritatis impedit illo non dolor. Dolorem voluptatem aut voluptatem aut quia.', 0, '2023-01-31 03:19:19', '2023-01-31 03:19:19'),
(200, 36, 'Tyrese Shanahan', 'Non exercitationem omnis occaecati ipsam dolorem. Illum delectus quo praesentium natus. Cupiditate ea et quia omnis ullam ut.', 1, '2023-01-31 03:19:19', '2023-01-31 03:19:19'),
(201, 18, 'Miss Violette Murray', 'Quas qui impedit vel rerum excepturi architecto reprehenderit. Fugiat voluptate commodi quaerat iste. Sit dolor aut omnis deserunt inventore hic.', 5, '2023-01-31 03:19:19', '2023-01-31 03:19:19'),
(202, 37, 'Mrs. Andreane Schinner DDS', 'Unde et consequatur repudiandae dolorum est totam voluptas. Qui voluptatibus voluptas commodi nesciunt nobis quidem.', 2, '2023-01-31 03:19:20', '2023-01-31 03:19:20'),
(203, 10, 'Hayden Larson', 'Perferendis repudiandae fugiat debitis possimus. Laborum vel tempore quas veritatis. Et animi aspernatur molestias libero nisi et molestiae.', 3, '2023-01-31 03:19:20', '2023-01-31 03:19:20'),
(204, 9, 'Dr. Kelli Sauer PhD', 'Ea impedit tenetur minima non. Unde praesentium similique cum tenetur. Eaque provident voluptas blanditiis adipisci.', 0, '2023-01-31 03:19:20', '2023-01-31 03:19:20'),
(205, 48, 'Karson Breitenberg', 'Repellat maiores doloribus tempore provident consectetur magni praesentium. Nostrum veritatis nemo neque deleniti. Animi hic velit tempore eum sequi.', 3, '2023-01-31 03:19:20', '2023-01-31 03:19:20');
INSERT INTO `reviews` (`id`, `product_id`, `customer`, `review`, `star`, `created_at`, `updated_at`) VALUES
(206, 9, 'Aletha Armstrong', 'Voluptatem et pariatur iste placeat. Dolores sed perferendis in ab. Eligendi ad voluptas reprehenderit omnis. Ipsa sed consequatur ut non delectus error. Consequatur ipsa sed placeat.', 3, '2023-01-31 03:19:20', '2023-01-31 03:19:20'),
(207, 46, 'Abner Murray', 'Ducimus soluta eos impedit reprehenderit consectetur dignissimos. Debitis unde soluta enim praesentium et. Laborum dolorem consectetur optio nisi explicabo recusandae. Beatae pariatur eius odio vero rerum.', 0, '2023-01-31 03:19:20', '2023-01-31 03:19:20'),
(208, 36, 'Herta Sanford', 'Autem repellendus pariatur deserunt minima dolor repellendus odio. Voluptates ut qui et alias velit officia mollitia. Dolorem error et laborum non dolorem. Dolor nisi suscipit ut modi voluptatem et et.', 5, '2023-01-31 03:19:20', '2023-01-31 03:19:20'),
(209, 45, 'Eliseo Weissnat', 'Sit omnis dolores non omnis ratione accusamus repellat. Eaque ipsum iusto nihil aspernatur. Harum quidem animi autem eum in non fugit. Nihil est hic deleniti ut.', 3, '2023-01-31 03:19:20', '2023-01-31 03:19:20'),
(210, 41, 'Sarah Langosh', 'Quia voluptas molestiae doloremque et consequatur. Fuga autem ut placeat excepturi. Quam quo est consequatur atque aut quaerat ut. Quia sed quia facere odit quia minus.', 5, '2023-01-31 03:19:21', '2023-01-31 03:19:21'),
(211, 48, 'Brenna Bartoletti Sr.', 'Atque veniam omnis quam est doloremque. Dignissimos voluptas officiis exercitationem eveniet. Perspiciatis omnis sed hic dolorem.', 3, '2023-01-31 03:19:21', '2023-01-31 03:19:21'),
(212, 34, 'Arvilla Cartwright', 'Maiores doloremque nesciunt rerum aut. Dolores consequuntur dolorem voluptatum maxime soluta aut eos. Voluptatibus voluptate dolor et mollitia.', 5, '2023-01-31 03:19:21', '2023-01-31 03:19:21'),
(213, 50, 'Roman Lakin PhD', 'Et unde quidem dolore expedita. Quibusdam fugiat enim veniam ea eum a autem facilis. Est corrupti iusto aut autem autem ea. Fugit dignissimos fugiat quia ex libero vero recusandae.', 1, '2023-01-31 03:19:22', '2023-01-31 03:19:22'),
(214, 5, 'Prof. Michelle Bernhard MD', 'Qui est minima enim voluptas et tempore sapiente. Alias culpa accusantium autem dolorem quia sint saepe quam. Dolores consectetur veniam est deserunt qui in.', 1, '2023-01-31 03:19:22', '2023-01-31 03:19:22'),
(215, 1, 'Ofelia Schoen II', 'Voluptatem aut et veritatis iusto. Autem reprehenderit quas accusantium. Atque aspernatur animi culpa qui.', 4, '2023-01-31 03:19:22', '2023-01-31 03:19:22'),
(216, 31, 'Mona Sawayn', 'Voluptas est illo a commodi ut reprehenderit dolor. Ad praesentium ullam quas quo ipsa. Laborum quibusdam dolor rerum neque et non sed.', 3, '2023-01-31 03:19:22', '2023-01-31 03:19:22'),
(217, 3, 'Mr. Clement Waters Jr.', 'Ratione soluta exercitationem assumenda sapiente. Suscipit sit sunt illo distinctio. Laudantium voluptates deleniti fuga sint. Est pariatur delectus et magnam reiciendis voluptatem consequatur.', 5, '2023-01-31 03:19:22', '2023-01-31 03:19:22'),
(218, 8, 'Velma Harvey', 'Illo omnis qui laboriosam blanditiis. Assumenda consequatur quo ab fugit et aliquam.', 1, '2023-01-31 03:19:22', '2023-01-31 03:19:22'),
(219, 23, 'Miss Jacquelyn Rice', 'Eos quia aperiam et eum sint aliquam sit. Fugiat quia ab occaecati ullam quasi ut recusandae consequatur. Maxime et quas sunt aliquam ut hic optio enim. At accusantium consectetur quo modi reprehenderit odio necessitatibus.', 5, '2023-01-31 03:19:22', '2023-01-31 03:19:22'),
(220, 20, 'Dr. Uriel Kemmer II', 'Praesentium vel quia deleniti aut eos. Rem sed et ut iusto laudantium aut. Fugiat quas sunt enim. Incidunt et dolores nemo dolor et eos.', 4, '2023-01-31 03:19:23', '2023-01-31 03:19:23'),
(221, 42, 'Aditya Bechtelar', 'Sunt ea aperiam atque tempore voluptatem est. Sequi molestias perspiciatis recusandae. Qui id quas quis distinctio beatae maxime dolorum aperiam. Libero et alias reprehenderit exercitationem.', 1, '2023-01-31 03:19:23', '2023-01-31 03:19:23'),
(222, 34, 'Patrick Nolan', 'Velit tempora aut et facilis unde aut fugit. Quo blanditiis dolore ullam impedit expedita. Expedita porro numquam aut atque. Ipsam id qui error et est.', 5, '2023-01-31 03:19:23', '2023-01-31 03:19:23'),
(223, 1, 'Miss Carley McGlynn III', 'Consequatur enim voluptatem quisquam et quod aut porro. Facilis voluptate qui saepe sed culpa voluptas. Illum sit et et sed rerum sapiente autem tempore.', 1, '2023-01-31 03:19:23', '2023-01-31 03:19:23'),
(224, 18, 'Dahlia Lindgren V', 'Quasi in est saepe odit sunt distinctio. Est adipisci iure et omnis porro quis velit iure. Unde minus minus neque quibusdam vero. Consequatur aut esse aut ut eos sit quae ut.', 2, '2023-01-31 03:19:23', '2023-01-31 03:19:23'),
(225, 1, 'Prof. Randi Rice', 'Et unde dolor deserunt ea consequatur. Dolor sed blanditiis vel. Maxime porro id voluptas qui dolores. Impedit quis magnam deserunt officiis sapiente.', 0, '2023-01-31 03:19:23', '2023-01-31 03:19:23'),
(226, 31, 'Dayana Gutmann', 'Ipsa et voluptate sed aliquid non. Natus consequatur facere beatae et delectus. Consequatur sint quae aperiam iusto facere.', 4, '2023-01-31 03:19:23', '2023-01-31 03:19:23'),
(227, 10, 'Ethel Macejkovic', 'Repellat necessitatibus soluta ducimus magni est sed ad. Quisquam et debitis ad consequatur voluptas. Commodi soluta et accusamus illum.', 3, '2023-01-31 03:19:24', '2023-01-31 03:19:24'),
(228, 32, 'Shaina Schroeder', 'Quam temporibus perspiciatis labore. Eos deserunt eligendi necessitatibus impedit voluptatem saepe. Recusandae non non eveniet et.', 4, '2023-01-31 03:19:24', '2023-01-31 03:19:24'),
(229, 2, 'Catharine Jast', 'Et voluptatem omnis quidem voluptatem officia. Fugit quisquam qui dolores optio et est. Minima eum id animi aperiam aliquam quam.', 2, '2023-01-31 03:19:24', '2023-01-31 03:19:24'),
(230, 35, 'Claire Wolf', 'Sunt quos amet animi atque quam id. Reprehenderit repudiandae distinctio explicabo corporis reiciendis vel illo officia. Sed sint qui asperiores.', 0, '2023-01-31 03:19:25', '2023-01-31 03:19:25'),
(231, 37, 'Jena Cartwright Sr.', 'Enim quae quae repellat ipsum iste quo. Non delectus non ut rerum aperiam. Earum ipsum deserunt vel autem quod vel.', 5, '2023-01-31 03:19:25', '2023-01-31 03:19:25'),
(232, 45, 'Murphy Kiehn', 'Et fugit aut sit sapiente voluptatum incidunt distinctio. In quasi ea ipsam rerum nisi.', 5, '2023-01-31 03:19:25', '2023-01-31 03:19:25'),
(233, 8, 'Briana Spencer', 'Temporibus enim hic aut rerum aliquid et. Sint dolor in molestiae ut. Dolores voluptatem doloribus cumque beatae. Voluptate qui et aliquam fuga fugit et explicabo.', 4, '2023-01-31 03:19:25', '2023-01-31 03:19:25'),
(234, 8, 'Jesus Schowalter PhD', 'Ducimus et occaecati mollitia illum. Placeat sunt dolore molestias laboriosam autem dolores. Consectetur qui et labore. Eum sint dolor quo qui.', 0, '2023-01-31 03:19:25', '2023-01-31 03:19:25'),
(235, 23, 'Hertha Romaguera', 'Blanditiis nihil facere velit perferendis. Harum eligendi vel quo expedita ad fugit. Omnis nesciunt sed consequatur libero eius est. Ut sint enim magni.', 4, '2023-01-31 03:19:25', '2023-01-31 03:19:25'),
(236, 50, 'Gregoria Homenick', 'Sapiente mollitia sed sint qui neque. Culpa quibusdam consequuntur consequatur qui. Rerum et ab ea repudiandae quasi enim sit. Rem eos et corrupti amet nobis nostrum et nemo.', 0, '2023-01-31 03:19:26', '2023-01-31 03:19:26'),
(237, 27, 'Prof. Lazaro Schuppe V', 'Laborum atque consequuntur quibusdam iusto odit. Est qui beatae non minima optio aut. Ut harum quo quibusdam magni. Adipisci quaerat similique iusto occaecati.', 5, '2023-01-31 03:19:26', '2023-01-31 03:19:26'),
(238, 19, 'Erling O\'Kon', 'Pariatur et accusantium vel tempora voluptates omnis est aut. Blanditiis accusantium sed rem voluptatem dolorem voluptatem quia.', 5, '2023-01-31 03:19:26', '2023-01-31 03:19:26'),
(239, 36, 'Prof. Dayna Deckow Jr.', 'Qui dolorum et dolores assumenda repellendus sint beatae. Asperiores esse velit et. Enim ut nobis repellendus et commodi error eos officia.', 3, '2023-01-31 03:19:26', '2023-01-31 03:19:26'),
(240, 41, 'Alessandro Hauck', 'Placeat nostrum adipisci consequatur distinctio dolor et molestiae. Corrupti nulla error dolore. Minima et iusto autem amet sed. Cupiditate voluptate id vel qui eos voluptatem.', 1, '2023-01-31 03:19:26', '2023-01-31 03:19:26'),
(241, 6, 'Miss Florence Bartell Sr.', 'Nihil non amet et commodi. Debitis eius possimus sed. Vero voluptates pariatur ut ipsam perferendis.', 4, '2023-01-31 03:19:26', '2023-01-31 03:19:26'),
(242, 41, 'Theodore Schmeler', 'Modi aut laudantium mollitia numquam. Et aut est explicabo sint excepturi est. Quia dolore qui sit rerum dolorem. Soluta accusamus omnis consectetur dolor et doloremque fugit.', 4, '2023-01-31 03:19:26', '2023-01-31 03:19:26'),
(243, 41, 'Ms. Ashly Bailey', 'Natus mollitia beatae adipisci libero voluptas. Facilis quasi occaecati incidunt libero cum rem.', 3, '2023-01-31 03:19:26', '2023-01-31 03:19:26'),
(244, 37, 'Lily Smith', 'Tempore inventore qui veritatis. Alias cum magni earum reiciendis soluta vel.', 0, '2023-01-31 03:19:27', '2023-01-31 03:19:27'),
(245, 6, 'Isom Ankunding', 'Mollitia ipsum minima explicabo ut alias. Voluptatum qui odio ipsa vel voluptatum. Laboriosam aut consequatur non voluptas.', 3, '2023-01-31 03:19:27', '2023-01-31 03:19:27'),
(246, 49, 'Bria Green', 'Optio soluta tempora dolores atque itaque id. Velit tenetur et ex qui doloribus. Nemo sint qui ducimus deleniti sunt. Perspiciatis saepe adipisci quam nostrum expedita.', 5, '2023-01-31 03:19:27', '2023-01-31 03:19:27'),
(247, 1, 'Melvina Ortiz PhD', 'Totam commodi repellendus sit. Ad nemo sit commodi occaecati tempore repellat ratione. Tenetur cupiditate quo qui consequatur alias ex itaque. Vitae voluptatibus at ut sit.', 4, '2023-01-31 03:19:27', '2023-01-31 03:19:27'),
(248, 13, 'Glenda Koelpin', 'Id ab magni commodi explicabo fugiat aut. Corporis esse quo ut consequuntur. Quas a expedita earum quia aspernatur. Inventore nesciunt quod pariatur cumque aut velit nam expedita.', 1, '2023-01-31 03:19:27', '2023-01-31 03:19:27'),
(249, 16, 'Paris Rowe', 'Laboriosam id voluptas quisquam. Maiores laboriosam laudantium sequi natus quas perferendis aut. Deleniti eligendi perspiciatis soluta.', 0, '2023-01-31 03:19:28', '2023-01-31 03:19:28'),
(250, 31, 'Ole Ullrich', 'Quibusdam nihil hic sequi sit quo occaecati consectetur reiciendis. Veritatis animi iste aliquam enim velit quod. Rerum saepe atque ex dicta ipsam eveniet dolorem autem. Placeat ex quo quam autem et voluptatem aut.', 5, '2023-01-31 03:19:28', '2023-01-31 03:19:28'),
(251, 13, 'Rylan Swaniawski', 'Aliquid veritatis velit numquam aut. Consequuntur distinctio consequatur sint ea fuga facere suscipit.', 2, '2023-01-31 03:19:28', '2023-01-31 03:19:28'),
(252, 33, 'Prof. Bryon Zemlak IV', 'Exercitationem ex voluptas tempore sed ea sed. Nihil nisi ut aliquid qui consequatur officia quia excepturi. Qui eum corporis hic et. Eos enim accusamus dolor voluptatum.', 3, '2023-01-31 03:19:28', '2023-01-31 03:19:28'),
(253, 13, 'Emilio Sauer', 'Molestiae officiis neque illum in. Commodi voluptates totam reprehenderit maxime molestias cumque optio. Temporibus hic esse mollitia nihil ratione.', 0, '2023-01-31 03:19:28', '2023-01-31 03:19:28'),
(254, 3, 'Lorna Skiles', 'Voluptatum numquam et suscipit illo dolorum est dolorem. Nesciunt quia ratione ullam sed distinctio. Aut quas esse deserunt sunt. Consectetur dolor optio repudiandae soluta quia dolorem soluta. Sequi excepturi sed corporis rerum veritatis ipsum.', 2, '2023-01-31 03:19:28', '2023-01-31 03:19:28'),
(255, 39, 'Dr. Mylene Lemke I', 'Cumque consequatur ullam iure eligendi. Dolorum accusantium modi aliquam sint qui et. Rem voluptatum nisi fugiat sunt. Est quidem dolores at et aut aliquam. Rerum doloribus doloribus maiores est tenetur vitae et pariatur.', 0, '2023-01-31 03:19:29', '2023-01-31 03:19:29'),
(256, 16, 'Madge Kihn', 'Numquam vitae aspernatur magni voluptatem. Assumenda eveniet dolore ad quia. Culpa recusandae a aliquam illum laudantium. Dolorem adipisci pariatur vero sit.', 1, '2023-01-31 03:19:29', '2023-01-31 03:19:29'),
(257, 24, 'Jeramy Graham V', 'Sit nobis nobis et sit aut. Autem expedita omnis aspernatur numquam ut quia nihil. Veritatis alias consequuntur eius non voluptate. Cumque et blanditiis accusantium quia illum. Consectetur est odit atque amet qui quas voluptates.', 4, '2023-01-31 03:19:29', '2023-01-31 03:19:29'),
(258, 30, 'Dr. Katharina Bartoletti', 'Deleniti enim quia itaque saepe distinctio. Repellat dolor harum consequatur ducimus aut dolorum. Hic consequuntur nostrum qui aut maxime dolorum. Cupiditate fugit porro cum non possimus quasi omnis.', 4, '2023-01-31 03:19:29', '2023-01-31 03:19:29'),
(259, 40, 'Tillman Roob II', 'Debitis quia ut ullam rerum dolorum excepturi dolore velit. Maxime modi consequatur maiores et est dolorem. Et eius quis sed et error.', 4, '2023-01-31 03:19:29', '2023-01-31 03:19:29'),
(260, 34, 'Mariam Klein', 'Rem perspiciatis excepturi ratione est iste distinctio ex. Voluptatem voluptas fugiat est nam. Molestias itaque natus et voluptatem.', 4, '2023-01-31 03:19:30', '2023-01-31 03:19:30'),
(261, 25, 'Prof. Domingo Goodwin', 'Omnis recusandae possimus quae molestiae nihil natus occaecati dolores. Nisi nobis sit saepe ea corrupti dignissimos non. Reiciendis qui facilis eos veritatis dolorem est. Unde et sint dolor nisi.', 4, '2023-01-31 03:19:30', '2023-01-31 03:19:30'),
(262, 5, 'Bryon Gulgowski', 'Error quas aliquid eligendi quisquam repellendus. At sed culpa autem voluptatem et aut et. Eos rerum mollitia id ipsam architecto rem dolor. Enim illo ad velit et est enim.', 5, '2023-01-31 03:19:30', '2023-01-31 03:19:30'),
(263, 47, 'Kenya Reilly', 'Nobis hic quasi et ut voluptas id. Repellendus similique alias blanditiis et iusto sed. Iste aut delectus harum et.', 4, '2023-01-31 03:19:31', '2023-01-31 03:19:31'),
(264, 43, 'Garfield Hartmann', 'Cumque non aspernatur sed optio. Similique non neque dolores qui. Id voluptas fugit quibusdam.', 1, '2023-01-31 03:19:31', '2023-01-31 03:19:31'),
(265, 18, 'Sigrid Mosciski II', 'Ullam ratione quasi ex eveniet ipsum nihil neque odit. Blanditiis eligendi natus consectetur officia aliquid dignissimos. Ex aut et vero ipsum libero. Culpa similique iste eos laudantium magnam beatae quis.', 5, '2023-01-31 03:19:31', '2023-01-31 03:19:31'),
(266, 18, 'Keara Wisozk', 'Est fuga architecto nihil recusandae voluptatibus rem omnis. Debitis fuga est expedita et totam vitae quo. Est iusto consectetur a.', 3, '2023-01-31 03:19:32', '2023-01-31 03:19:32'),
(267, 25, 'Joana Hintz', 'Hic doloremque sapiente beatae veritatis quis odit autem numquam. Veritatis placeat qui ratione eligendi dolorem voluptatem. Cumque ratione libero inventore consequatur aperiam.', 0, '2023-01-31 03:19:32', '2023-01-31 03:19:32'),
(268, 16, 'Dahlia Rohan', 'Necessitatibus facilis et error impedit. Enim dolorem est in non.', 0, '2023-01-31 03:19:32', '2023-01-31 03:19:32'),
(269, 31, 'Beulah Jaskolski', 'Accusantium sit nulla aut cumque. Voluptatem voluptas qui et labore soluta eaque perferendis consequatur. Temporibus dolores dolorum est officia. Ex qui debitis ullam. Qui iure modi ut facere temporibus at.', 1, '2023-01-31 03:19:32', '2023-01-31 03:19:32'),
(270, 1, 'Dulce Jakubowski', 'Exercitationem veritatis ipsa reiciendis. Eum et facere et. Ab molestias recusandae nostrum at. Ut culpa autem aut autem ut ad corrupti quia.', 3, '2023-01-31 03:19:33', '2023-01-31 03:19:33'),
(271, 16, 'Lacey Schoen', 'Et eos tempore nihil quaerat occaecati aut sunt. Voluptatem tenetur sapiente recusandae nihil. Quidem sint omnis harum eaque assumenda deleniti alias earum.', 5, '2023-01-31 03:19:33', '2023-01-31 03:19:33'),
(272, 13, 'Dr. Fern Moore', 'Laudantium tenetur quis et molestiae. Esse praesentium dolorum assumenda ut in. Nisi aut ipsum voluptatem quia beatae vitae magni.', 1, '2023-01-31 03:19:33', '2023-01-31 03:19:33'),
(273, 44, 'Dameon Jerde', 'Consequatur possimus facere est libero. Sed provident ea commodi illum consectetur totam.', 1, '2023-01-31 03:19:33', '2023-01-31 03:19:33'),
(274, 3, 'Marianne Effertz', 'Nulla quaerat quis ad ea ex assumenda. Ab explicabo ab eaque sapiente error qui eaque. Aut accusamus esse suscipit et laboriosam numquam aspernatur. Sequi amet voluptatem fuga officiis autem sequi est sit.', 1, '2023-01-31 03:19:33', '2023-01-31 03:19:33'),
(275, 5, 'Ruben Towne', 'Vel qui aut dolore ullam voluptatem et. Dolor neque repudiandae est. Sint porro itaque natus quas. Quam repellat laudantium enim voluptas vel aut. Ex sequi quia aut aperiam error.', 5, '2023-01-31 03:19:34', '2023-01-31 03:19:34'),
(276, 33, 'Bruce King', 'Enim rerum officia alias laborum alias ipsum. Sit tenetur quo adipisci.', 2, '2023-01-31 03:19:34', '2023-01-31 03:19:34'),
(277, 35, 'Christ Keebler DVM', 'Quia consequatur accusamus nihil illo et nihil aut provident. Facere rem neque rerum esse distinctio ex accusamus. Reiciendis in in libero velit.', 2, '2023-01-31 03:19:34', '2023-01-31 03:19:34'),
(278, 28, 'Mrs. Shania Abbott', 'Numquam impedit et iure. Et iste quia dolor facilis exercitationem nihil aut. Et ut delectus fugiat velit occaecati cum et. Dicta sit numquam architecto sunt quo ipsam.', 1, '2023-01-31 03:19:34', '2023-01-31 03:19:34'),
(279, 16, 'Dr. Devyn Beier', 'Est temporibus aut nemo nisi nisi. Repellendus sed autem voluptatibus optio saepe et molestiae. Quaerat quae saepe dolores sunt reprehenderit non. Rerum ut voluptatem sunt sunt ut quia.', 5, '2023-01-31 03:19:34', '2023-01-31 03:19:34'),
(280, 5, 'Elvis Fritsch', 'Dolores perferendis aut unde maxime. Voluptates vitae facere et non perspiciatis provident accusantium. Voluptatem ad voluptatem impedit illum praesentium tempora est porro.', 0, '2023-01-31 03:19:34', '2023-01-31 03:19:34'),
(281, 25, 'Nelda Douglas', 'Occaecati dolor ullam soluta distinctio. Et reiciendis deserunt temporibus dolor tenetur rerum. Minus ut nulla cumque amet rerum optio. Sit excepturi velit maiores aut sapiente reprehenderit.', 1, '2023-01-31 03:19:35', '2023-01-31 03:19:35'),
(282, 7, 'Evan Friesen', 'Iure velit necessitatibus amet qui excepturi aperiam assumenda. Consectetur expedita sit ipsam dolores. Exercitationem et inventore sed eveniet qui sapiente ratione. Sed temporibus et ut tempore dolores.', 3, '2023-01-31 03:19:35', '2023-01-31 03:19:35'),
(283, 9, 'Burnice Wolf', 'Et quae in vitae et. Sequi deserunt veritatis occaecati. Debitis possimus optio doloremque aut qui quae. Vel atque reiciendis minus recusandae.', 4, '2023-01-31 03:19:35', '2023-01-31 03:19:35'),
(284, 41, 'Ms. Fiona Aufderhar II', 'Et necessitatibus assumenda et et. In nulla eaque quae. Voluptas ut consequatur veritatis non veritatis necessitatibus animi. Eaque aut minima dolorem aut.', 0, '2023-01-31 03:19:35', '2023-01-31 03:19:35'),
(285, 27, 'Avery Orn', 'Ducimus maxime quia autem dolorem. Nostrum vel temporibus exercitationem ut repudiandae ipsum rerum in. Ipsa voluptates omnis ea commodi.', 5, '2023-01-31 03:19:35', '2023-01-31 03:19:35'),
(286, 15, 'Mrs. Myrna Mann', 'Et sint impedit soluta cumque est velit et. Ea doloremque pariatur quasi sit omnis ipsam incidunt. Explicabo eligendi est eius illo molestiae. Sed nihil totam ipsam.', 5, '2023-01-31 03:19:35', '2023-01-31 03:19:35'),
(287, 47, 'Otis Hauck', 'Facilis numquam alias voluptatem suscipit eos. Alias est voluptatem mollitia modi. Totam quod rem odit est et voluptas.', 4, '2023-01-31 03:19:35', '2023-01-31 03:19:35'),
(288, 44, 'Johnathan Hoeger', 'Non deleniti quas et est nesciunt. Excepturi rem et dolores quidem ullam harum. Ex maxime veniam ut eius neque aut dignissimos. Veritatis provident unde ipsa facere.', 2, '2023-01-31 03:19:36', '2023-01-31 03:19:36'),
(289, 42, 'Fritz Homenick', 'Quibusdam expedita non soluta ducimus sint vero. Rerum distinctio dolores consequatur eum. Voluptatem recusandae quo assumenda quis fuga qui repellat. Ipsam quos debitis laudantium dolorum maxime.', 1, '2023-01-31 03:19:36', '2023-01-31 03:19:36'),
(290, 23, 'Prof. Lula Hettinger', 'Et est harum totam quia. Tempore necessitatibus sunt est amet dolore rem. Omnis necessitatibus aliquid corrupti molestiae porro non doloremque. Illo cupiditate recusandae quis totam.', 1, '2023-01-31 03:19:36', '2023-01-31 03:19:36'),
(291, 5, 'Mr. Stewart Wuckert', 'Et nemo maxime necessitatibus non rem. Fugiat ipsam eum corrupti adipisci. Debitis vero omnis sequi sit error ipsam error possimus.', 5, '2023-01-31 03:19:36', '2023-01-31 03:19:36'),
(292, 48, 'Prof. Jermain Nolan Jr.', 'Expedita est ut aut temporibus exercitationem culpa rerum. Ad deserunt laudantium ipsum soluta earum possimus autem. Nihil ut quia nostrum tempore sequi corrupti est.', 4, '2023-01-31 03:19:36', '2023-01-31 03:19:36'),
(293, 32, 'Litzy Runte DVM', 'Quia illum illo qui consequatur. Dolor dolore optio aut ut et. Atque at omnis reiciendis nemo qui et et.', 2, '2023-01-31 03:19:36', '2023-01-31 03:19:36'),
(294, 12, 'Trystan Boehm', 'Eveniet recusandae et aut. Est facere sequi qui ad cupiditate qui. Magnam harum vitae odit autem nemo. Incidunt qui assumenda ea.', 5, '2023-01-31 03:19:37', '2023-01-31 03:19:37'),
(295, 24, 'Ramon Gleichner', 'Debitis quos nostrum accusamus qui excepturi asperiores. Beatae quidem debitis ea rem quaerat. Aut qui exercitationem nulla porro. Tenetur qui non nisi eligendi aut sequi non.', 3, '2023-01-31 03:19:37', '2023-01-31 03:19:37'),
(296, 27, 'Margret Reynolds Sr.', 'Enim vel dolorem facere porro cumque explicabo iure. Ratione eveniet aspernatur molestiae ut iure voluptate omnis. Qui quod autem velit id enim repellat ipsum.', 5, '2023-01-31 03:19:37', '2023-01-31 03:19:37'),
(297, 46, 'Katlynn Lindgren', 'Non atque et eius aliquid. Molestiae et et odio molestias voluptates aut iure. Delectus est harum est. Omnis ut harum laudantium omnis.', 4, '2023-01-31 03:19:37', '2023-01-31 03:19:37'),
(298, 28, 'Laila White', 'Sed dolorem non laboriosam qui. In qui eos sunt ipsum qui. Aliquam et nulla minima omnis velit ut odio velit.', 5, '2023-01-31 03:19:37', '2023-01-31 03:19:37'),
(299, 39, 'Stewart Kuhic', 'Reiciendis molestiae ullam nesciunt doloribus id maiores et. Ut neque aut vel ipsa autem repellendus veniam. Corporis qui enim molestiae harum nostrum. Ipsam recusandae est vel dolorem sed et non architecto.', 0, '2023-01-31 03:19:37', '2023-01-31 03:19:37'),
(300, 38, 'Freeman Hahn', 'Excepturi consequatur aut ad eligendi laborum atque. Sit culpa molestias voluptatem.', 5, '2023-01-31 03:19:37', '2023-01-31 03:19:37');

-- --------------------------------------------------------

--
-- Table structure for table `users`
--

CREATE TABLE `users` (
  `id` bigint(20) UNSIGNED NOT NULL,
  `name` varchar(255) COLLATE utf8mb4_unicode_ci NOT NULL,
  `email` varchar(255) COLLATE utf8mb4_unicode_ci NOT NULL,
  `email_verified_at` timestamp NULL DEFAULT NULL,
  `password` varchar(255) COLLATE utf8mb4_unicode_ci NOT NULL,
  `remember_token` varchar(100) COLLATE utf8mb4_unicode_ci DEFAULT NULL,
  `created_at` timestamp NULL DEFAULT NULL,
  `updated_at` timestamp NULL DEFAULT NULL
) ENGINE=InnoDB DEFAULT CHARSET=utf8mb4 COLLATE=utf8mb4_unicode_ci;

--
-- Indexes for dumped tables
--

--
-- Indexes for table `failed_jobs`
--
ALTER TABLE `failed_jobs`
  ADD PRIMARY KEY (`id`),
  ADD UNIQUE KEY `failed_jobs_uuid_unique` (`uuid`);

--
-- Indexes for table `migrations`
--
ALTER TABLE `migrations`
  ADD PRIMARY KEY (`id`);

--
-- Indexes for table `password_resets`
--
ALTER TABLE `password_resets`
  ADD KEY `password_resets_email_index` (`email`);

--
-- Indexes for table `personal_access_tokens`
--
ALTER TABLE `personal_access_tokens`
  ADD PRIMARY KEY (`id`),
  ADD UNIQUE KEY `personal_access_tokens_token_unique` (`token`),
  ADD KEY `personal_access_tokens_tokenable_type_tokenable_id_index` (`tokenable_type`,`tokenable_id`);

--
-- Indexes for table `products`
--
ALTER TABLE `products`
  ADD PRIMARY KEY (`id`);

--
-- Indexes for table `reviews`
--
ALTER TABLE `reviews`
  ADD PRIMARY KEY (`id`),
  ADD KEY `reviews_product_id_index` (`product_id`);

--
-- Indexes for table `users`
--
ALTER TABLE `users`
  ADD PRIMARY KEY (`id`),
  ADD UNIQUE KEY `users_email_unique` (`email`);

--
-- AUTO_INCREMENT for dumped tables
--

--
-- AUTO_INCREMENT for table `failed_jobs`
--
ALTER TABLE `failed_jobs`
  MODIFY `id` bigint(20) UNSIGNED NOT NULL AUTO_INCREMENT;

--
-- AUTO_INCREMENT for table `migrations`
--
ALTER TABLE `migrations`
  MODIFY `id` int(10) UNSIGNED NOT NULL AUTO_INCREMENT, AUTO_INCREMENT=7;

--
-- AUTO_INCREMENT for table `personal_access_tokens`
--
ALTER TABLE `personal_access_tokens`
  MODIFY `id` bigint(20) UNSIGNED NOT NULL AUTO_INCREMENT;

--
-- AUTO_INCREMENT for table `products`
--
ALTER TABLE `products`
  MODIFY `id` int(10) UNSIGNED NOT NULL AUTO_INCREMENT, AUTO_INCREMENT=51;

--
-- AUTO_INCREMENT for table `reviews`
--
ALTER TABLE `reviews`
  MODIFY `id` int(10) UNSIGNED NOT NULL AUTO_INCREMENT, AUTO_INCREMENT=301;

--
-- AUTO_INCREMENT for table `users`
--
ALTER TABLE `users`
  MODIFY `id` bigint(20) UNSIGNED NOT NULL AUTO_INCREMENT;

--
-- Constraints for dumped tables
--

--
-- Constraints for table `reviews`
--
ALTER TABLE `reviews`
  ADD CONSTRAINT `reviews_product_id_foreign` FOREIGN KEY (`product_id`) REFERENCES `products` (`id`) ON DELETE CASCADE;
COMMIT;

/*!40101 SET CHARACTER_SET_CLIENT=@OLD_CHARACTER_SET_CLIENT */;
/*!40101 SET CHARACTER_SET_RESULTS=@OLD_CHARACTER_SET_RESULTS */;
/*!40101 SET COLLATION_CONNECTION=@OLD_COLLATION_CONNECTION */;
